"Date","Open","High","Low","Close","Adj Close ","Volume"
"2-Jul-19","19.09 ","22.73 ","16.98 ","18.32 ","509846009.00 ","0.00 "
"3-Jul-19","18.33 ","18.52 ","12.04 ","13.53 ","276585519.00 ","0.00 "
"4-Jul-19","13.53 ","17.11 ","12.51 ","15.36 ","243304260.00 ","0.00 "
"5-Jul-19","15.33 ","18.37 ","15.31 ","18.01 ","310101993.00 ","0.00 "
"6-Jul-19","18.01 ","18.86 ","16.58 ","17.89 ","167321730.00 ","0.00 "
"7-Jul-19","18.08 ","18.35 ","16.95 ","18.02 ","89261024.00 ","0.00 "
"8-Jul-19","18.02 ","21.26 ","17.06 ","20.61 ","514218730.00 ","0.00 "
"9-Jul-19","20.62 ","23.44 ","20.40 ","21.91 ","617248596.00 ","0.00 "
"10-Jul-19","21.91 ","22.67 ","20.18 ","21.11 ","489976321.00 ","0.00 "
"11-Jul-19","21.11 ","21.12 ","18.39 ","18.96 ","470801684.00 ","0.00 "
"12-Jul-19","18.98 ","20.06 ","17.84 ","18.83 ","518609866.00 ","0.00 "
"13-Jul-19","18.84 ","19.13 ","17.23 ","17.91 ","485155720.00 ","0.00 "
"14-Jul-19","18.10 ","18.14 ","15.09 ","16.29 ","194996286.00 ","0.00 "
"15-Jul-19","16.28 ","17.05 ","14.21 ","16.75 ","201048508.00 ","0.00 "
"16-Jul-19","16.74 ","19.99 ","16.18 ","16.93 ","545533203.00 ","0.00 "
"17-Jul-19","16.91 ","17.33 ","14.76 ","15.74 ","283960061.00 ","0.00 "
"18-Jul-19","15.74 ","17.59 ","15.32 ","17.46 ","2108372277.00 ","57262533544.00 "
"19-Jul-19","17.46 ","17.97 ","15.69 ","17.57 ","2519254295.00 ","57631855592.00 "
"20-Jul-19","17.56 ","20.67 ","17.47 ","20.05 ","2339394648.00 ","65774975633.00 "
"21-Jul-19","20.05 ","20.35 ","18.95 ","19.06 ","2060127524.00 ","62510128410.00 "
"22-Jul-19","19.06 ","19.16 ","16.54 ","17.84 ","2465200156.00 ","59630595660.00 "
"23-Jul-19","17.86 ","19.07 ","15.94 ","16.72 ","2292759769.00 ","55886783409.00 "
"24-Jul-19","16.72 ","17.06 ","15.28 ","16.04 ","2334618055.00 ","53616581614.00 "
"25-Jul-19","16.03 ","16.34 ","15.40 ","15.58 ","1967022499.00 ","52060086509.00 "
"26-Jul-19","15.58 ","16.05 ","14.84 ","15.94 ","1976016892.00 ","53275246201.00 "
"27-Jul-19","15.94 ","17.48 ","14.07 ","14.65 ","1797004048.00 ","48952535250.00 "
"28-Jul-19","14.65 ","16.33 ","14.60 ","14.78 ","2026225606.00 ","49400772636.00 "
"29-Jul-19","14.76 ","15.88 ","14.76 ","15.14 ","1846788113.00 ","50594718966.00 "
"30-Jul-19","15.09 ","15.15 ","14.07 ","14.65 ","1454099991.00 ","48954717492.00 "
"31-Jul-19","14.61 ","14.71 ","14.11 ","14.38 ","1468287841.00 ","48049887273.00 "
"1-Aug-19","14.38 ","14.41 ","12.54 ","13.49 ","1760347204.00 ","45071517301.00 "
"2-Aug-19","13.49 ","13.84 ","11.98 ","13.75 ","1927452032.00 ","45944745209.00 "
"3-Aug-19","13.75 ","13.79 ","13.28 ","13.45 ","1477132004.00 ","44938778980.00 "
"4-Aug-19","13.45 ","13.55 ","10.72 ","11.78 ","914108245.00 ","39385134487.00 "
"5-Aug-19","11.77 ","12.97 ","9.63 ","12.37 ","1569360751.00 ","41339683159.00 "
"6-Aug-19","12.37 ","12.37 ","9.76 ","10.38 ","1041392449.00 ","34692683178.00 "
"7-Aug-19","10.40 ","11.77 ","10.33 ","11.15 ","1739925699.00 ","37249926919.00 "
"8-Aug-19","11.15 ","11.16 ","9.94 ","10.32 ","1949570378.00 ","34474054927.00 "
"9-Aug-19","10.32 ","10.69 ","8.60 ","9.49 ","1596226055.00 ","31713577276.00 "
"10-Aug-19","9.49 ","10.85 ","8.71 ","9.72 ","1721170471.00 ","32484992627.00 "
"11-Aug-19","9.24 ","10.19 ","9.01 ","9.43 ","1968406578.00 ","31527770012.00 "
"12-Aug-19","9.45 ","9.85 ","7.34 ","9.00 ","1935051859.00 ","30089482916.00 "
"13-Aug-19","9.01 ","9.55 ","8.08 ","8.64 ","1107286734.00 ","28888252007.00 "
"14-Aug-19","8.64 ","9.06 ","7.98 ","8.20 ","1350188510.00 ","27389456464.00 "
"15-Aug-19","8.20 ","8.64 ","7.37 ","8.21 ","1318854165.00 ","27447013881.00 "
"16-Aug-19","8.21 ","9.94 ","7.62 ","8.45 ","1634497787.00 ","28230764423.00 "
"17-Aug-19","8.42 ","9.53 ","8.10 ","8.75 ","1685710758.00 ","29242770716.00 "
"18-Aug-19","8.73 ","8.74 ","7.70 ","8.41 ","1296329928.00 ","28105535977.00 "
"19-Aug-19","8.43 ","8.73 ","8.25 ","8.69 ","1453793007.00 ","29048996356.00 "
"20-Aug-19","8.69 ","9.31 ","8.15 ","8.18 ","1203917008.00 ","27333545417.00 "
"21-Aug-19","8.21 ","8.84 ","7.64 ","8.25 ","1171197533.00 ","27558341578.00 "
"22-Aug-19","8.22 ","9.07 ","7.63 ","8.12 ","1030848915.00 ","27123634441.00 "
"23-Aug-19","8.12 ","8.44 ","7.48 ","8.28 ","970850072.00 ","27678632476.00 "
"24-Aug-19","8.24 ","8.85 ","7.38 ","8.70 ","1698672826.00 ","29087717399.00 "
"25-Aug-19","8.70 ","8.98 ","7.72 ","8.17 ","1451244415.00 ","27295004166.00 "
"26-Aug-19","8.17 ","8.32 ","7.75 ","7.91 ","1414788094.00 ","26445175231.00 "
"27-Aug-19","7.91 ","8.10 ","7.75 ","7.97 ","1425585407.00 ","26625771170.00 "
"28-Aug-19","7.96 ","7.97 ","6.32 ","6.71 ","939888153.00 ","22425267264.00 "
"29-Aug-19","6.71 ","7.06 ","5.78 ","6.45 ","1439807253.00 ","21550129246.00 "
"30-Aug-19","6.64 ","6.76 ","5.90 ","6.29 ","1039256060.00 ","21033850141.00 "
"31-Aug-19","6.29 ","6.49 ","4.55 ","5.72 ","725302716.00 ","19123081725.00 "
"1-Sep-19","5.72 ","6.71 ","5.45 ","6.62 ","1165332611.00 ","22123593490.00 "
"2-Sep-19","6.62 ","7.17 ","5.55 ","7.00 ","1863025706.00 ","23380795532.00 "
"3-Sep-19","7.00 ","7.13 ","6.54 ","7.10 ","1449696350.00 ","23713362789.00 "
"4-Sep-19","7.10 ","8.84 ","7.01 ","7.54 ","961532273.00 ","25184018460.00 "
"5-Sep-19","7.54 ","14.62 ","7.26 ","13.40 ","5148516665.00 ","44786665676.00 "
"6-Sep-19","13.40 ","15.85 ","9.28 ","9.48 ","26707979982.00 ","31694706144.00 "
"7-Sep-19","9.49 ","13.59 ","9.23 ","12.27 ","22938493799.00 ","41004430291.00 "
"8-Sep-19","12.26 ","12.97 ","10.78 ","10.95 ","7309700173.00 ","36586862010.00 "
"9-Sep-19","10.95 ","11.12 ","9.29 ","9.53 ","5757263221.00 ","31850709882.00 "
"10-Sep-19","9.53 ","9.77 ","8.76 ","8.83 ","3925805828.00 ","30787419440.00 "
"11-Sep-19","8.83 ","8.98 ","7.39 ","7.47 ","3659471468.00 ","26421433696.00 "
"12-Sep-19","7.47 ","7.57 ","6.53 ","6.56 ","4426610631.00 ","23187874353.00 "
"13-Sep-19","6.56 ","7.37 ","6.54 ","6.91 ","3490939200.00 ","24435360568.00 "
"14-Sep-19","6.90 ","7.09 ","6.56 ","6.88 ","2355738725.00 ","24336851036.00 "
"15-Sep-19","6.91 ","8.20 ","6.85 ","8.10 ","4511833022.00 ","28645380459.00 "
"16-Sep-19","8.10 ","8.21 ","7.48 ","7.71 ","4128180083.00 ","27266954740.00 "
"17-Sep-19","7.71 ","8.82 ","7.63 ","7.99 ","6239668594.00 ","28272209294.00 "
"18-Sep-19","7.93 ","8.17 ","7.70 ","7.73 ","2233526989.00 ","27323718908.00 "
"19-Sep-19","7.73 ","7.74 ","7.30 ","7.36 ","2405420131.00 ","26045997752.00 "
"20-Sep-19","7.38 ","7.42 ","6.95 ","7.10 ","3399530599.00 ","25120720419.00 "
"21-Sep-19","7.10 ","7.34 ","7.01 ","7.05 ","2337708932.00 ","24947844918.00 "
"22-Sep-19","7.03 ","7.10 ","6.45 ","6.49 ","2622639020.00 ","22965477375.00 "
"23-Sep-19","6.49 ","6.63 ","6.07 ","6.07 ","2972303719.00 ","21484409224.00 "
"24-Sep-19","6.07 ","6.37 ","4.69 ","4.92 ","2330957252.00 ","17416059257.00 "
"25-Sep-19","4.91 ","5.14 ","4.55 ","4.97 ","1912705795.00 ","17571350400.00 "
"26-Sep-19","4.97 ","5.33 ","4.56 ","4.82 ","2822447763.00 ","17056501768.00 "
"27-Sep-19","4.82 ","4.86 ","4.49 ","4.63 ","2184540547.00 ","16379788956.00 "
"28-Sep-19","4.63 ","4.86 ","4.59 ","4.72 ","2164214373.00 ","16694872695.00 "
"29-Sep-19","4.76 ","4.91 ","4.55 ","4.65 ","1783518396.00 ","16453288539.00 "
"30-Sep-19","4.65 ","5.33 ","4.55 ","4.77 ","1671000608.00 ","16887817848.00 "
"1-Oct-19","4.78 ","5.41 ","4.77 ","5.30 ","2468329970.00 ","18762941588.00 "
"2-Oct-19","5.30 ","5.34 ","4.89 ","5.06 ","4413463980.00 ","17897314208.00 "
"3-Oct-19","5.06 ","5.17 ","4.80 ","4.92 ","1800779614.00 ","17399652894.00 "
"4-Oct-19","4.92 ","5.15 ","4.71 ","4.91 ","2728212533.00 ","17368830032.00 "
"5-Oct-19","4.91 ","5.11 ","4.80 ","4.94 ","2080943565.00 ","17488141213.00 "
"6-Oct-19","4.97 ","5.22 ","4.90 ","5.18 ","2418405915.00 ","18335375682.00 "
"7-Oct-19","5.21 ","5.72 ","5.07 ","5.33 ","4082873301.00 ","18838038963.00 "
"8-Oct-19","5.31 ","5.77 ","5.25 ","5.53 ","3678273712.00 ","19940198777.00 "
"9-Oct-19","5.53 ","6.19 ","5.44 ","5.61 ","4148927649.00 ","20216211930.00 "
"10-Oct-19","5.62 ","6.11 ","5.47 ","5.77 ","4127238200.00 ","20804842160.00 "
"11-Oct-19","5.77 ","5.84 ","5.39 ","5.61 ","3336195718.00 ","20233809972.00 "
"12-Oct-19","5.60 ","5.77 ","5.36 ","5.40 ","3041851074.00 ","19443343355.00 "
"13-Oct-19","5.40 ","5.73 ","5.37 ","5.63 ","3079777397.00 ","20272160669.00 "
"14-Oct-19","5.63 ","6.07 ","5.57 ","5.98 ","2163304069.00 ","21561063349.00 "
"15-Oct-19","5.99 ","7.23 ","5.62 ","5.99 ","2487343923.00 ","21605274625.00 "
"16-Oct-19","5.99 ","8.31 ","5.69 ","7.85 ","5444704614.00 ","28306098385.00 "
"17-Oct-19","7.83 ","8.28 ","6.82 ","7.33 ","3420746678.00 ","26420525045.00 "
"18-Oct-19","7.33 ","10.17 ","7.29 ","9.63 ","11444549153.00 ","34720268793.00 "
"19-Oct-19","9.57 ","10.50 ","8.48 ","8.57 ","10870695231.00 ","30882034724.00 "
"20-Oct-19","8.63 ","11.65 ","8.45 ","11.06 ","11653615480.00 ","39879792744.00 "
"21-Oct-19","11.07 ","11.87 ","10.37 ","10.76 ","9392330525.00 ","38796950046.00 "
"22-Oct-19","10.76 ","11.40 ","10.61 ","10.92 ","5754625793.00 ","39360887517.00 "
"23-Oct-19","10.92 ","10.93 ","9.40 ","9.62 ","4440080264.00 ","34660214133.00 "
"24-Oct-19","9.62 ","10.08 ","8.85 ","10.08 ","3027765674.00 ","36340092961.00 "
"25-Oct-19","10.08 ","12.84 ","8.81 ","12.07 ","14353790612.00 ","43522295511.00 "
"26-Oct-19","12.08 ","13.35 ","11.22 ","11.77 ","8232585558.00 ","42425574746.00 "
"27-Oct-19","11.77 ","12.25 ","10.99 ","11.06 ","5399959120.00 ","39863774646.00 "
"28-Oct-19","11.05 ","11.32 ","10.31 ","10.49 ","4379810178.00 ","37822254841.00 "
"29-Oct-19","10.55 ","12.40 ","10.50 ","12.24 ","6948209783.00 ","44129028998.00 "
"30-Oct-19","12.25 ","12.71 ","11.88 ","12.13 ","6004090690.00 ","43719261091.00 "
"31-Oct-19","12.12 ","12.60 ","11.80 ","12.19 ","4926911980.00 ","43926803161.00 "
"1-Nov-19","12.12 ","13.33 ","12.02 ","13.27 ","4179770650.00 ","47834337084.00 "
"2-Nov-19","13.27 ","16.08 ","13.01 ","15.55 ","11812693329.00 ","57591829549.00 "
"3-Nov-19","15.69 ","18.89 ","15.47 ","17.87 ","17389907928.00 ","66205434736.00 "
"4-Nov-19","17.86 ","21.81 ","17.43 ","19.44 ","24596178619.00 ","73159489853.00 "
"5-Nov-19","19.44 ","21.46 ","17.37 ","17.80 ","21111139494.00 ","66985643182.00 "
"6-Nov-19","17.80 ","19.15 ","16.78 ","17.29 ","16422486830.00 ","65048263336.00 "
"7-Nov-19","17.28 ","17.37 ","14.61 ","16.03 ","16537590537.00 ","60319786943.00 "
"8-Nov-19","16.17 ","16.42 ","14.09 ","14.21 ","8318057470.00 ","53469004552.00 "
"9-Nov-19","14.42 ","16.11 ","14.06 ","14.81 ","5787150958.00 ","55720993407.00 "
"10-Nov-19","14.84 ","15.46 ","14.16 ","14.43 ","4466934015.00 ","54301603752.00 "
"11-Nov-19","14.43 ","15.35 ","14.17 ","14.39 ","5451120414.00 ","54129137918.00 "
"12-Nov-19","14.39 ","15.46 ","14.32 ","15.30 ","8068195796.00 ","57563216726.00 "
"13-Nov-19","15.30 ","16.98 ","15.07 ","16.13 ","10243439004.00 ","60687038091.00 "
"14-Nov-19","16.13 ","16.68 ","15.38 ","16.14 ","10446733665.00 ","60718673975.00 "
"15-Nov-19","16.14 ","16.45 ","15.10 ","15.44 ","5991770717.00 ","58085284396.00 "
"16-Nov-19","15.24 ","15.92 ","15.09 ","15.14 ","3692946689.00 ","56957765244.00 "
"17-Nov-19","15.14 ","16.21 ","14.96 ","15.01 ","3620642856.00 ","56483281562.00 "
"18-Nov-19","15.01 ","16.01 ","14.18 ","14.55 ","3543729184.00 ","54743555301.00 "
"19-Nov-19","14.55 ","14.89 ","13.58 ","14.00 ","3322355046.00 ","52661249705.00 "
"20-Nov-19","14.00 ","14.26 ","13.11 ","13.50 ","3058176258.00 ","50814701791.00 "
"21-Nov-19","13.51 ","13.72 ","12.22 ","12.42 ","3460878582.00 ","46729030818.00 "
"22-Nov-19","12.42 ","13.01 ","10.80 ","11.60 ","5251001104.00 ","43663193651.00 "
"23-Nov-19","11.60 ","13.34 ","11.07 ","13.00 ","6892694514.00 ","48930737752.00 "
"24-Nov-19","13.18 ","13.40 ","12.06 ","12.11 ","3945008264.00 ","45576102919.00 "
"25-Nov-19","12.02 ","12.58 ","11.18 ","12.25 ","3414903562.00 ","46119852908.00 "
"26-Nov-19","12.25 ","13.18 ","11.82 ","12.94 ","5234322183.00 ","48684814249.00 "
"27-Nov-19","12.85 ","14.24 ","12.19 ","13.97 ","5458504980.00 ","52587974028.00 "
"28-Nov-19","13.98 ","15.02 ","13.24 ","13.27 ","8491337525.00 ","49946735963.00 "
"29-Nov-19","13.33 ","13.68 ","12.84 ","13.48 ","4380212596.00 ","50750014506.00 "
"30-Nov-19","13.48 ","13.86 ","12.41 ","13.04 ","2888769712.00 ","49090575915.00 "
"1-Dec-19","13.00 ","13.33 ","11.72 ","12.45 ","3503838064.00 ","46876714600.00 "
"2-Dec-19","12.49 ","13.11 ","12.43 ","12.73 ","3178567756.00 ","47902801289.00 "
"3-Dec-19","12.73 ","13.20 ","12.18 ","12.69 ","3753147340.00 ","47764003087.00 "
"4-Dec-19","12.69 ","12.70 ","11.54 ","11.73 ","4094868404.00 ","44136629480.00 "
"5-Dec-19","11.73 ","11.87 ","11.01 ","11.27 ","3075930745.00 ","42414486198.00 "
"6-Dec-19","11.57 ","12.36 ","11.10 ","11.40 ","3822793062.00 ","42890432262.00 "
"7-Dec-19","11.39 ","11.73 ","11.02 ","11.17 ","2364423313.00 ","42048148694.00 "
"8-Dec-19","11.17 ","11.68 ","10.75 ","10.90 ","2633850034.00 ","41040968803.00 "
"9-Dec-19","10.90 ","11.33 ","10.51 ","10.59 ","2695069653.00 ","39861066135.00 "
"10-Dec-19","10.59 ","10.73 ","9.34 ","9.58 ","3583459864.00 ","36048229885.00 "
"11-Dec-19","9.57 ","10.73 ","9.50 ","10.35 ","3231445338.00 ","38964371154.00 "
"12-Dec-19","10.40 ","10.52 ","9.65 ","9.72 ","2607575824.00 ","36582429440.00 "
"13-Dec-19","9.98 ","10.21 ","9.75 ","10.13 ","1849964564.00 ","38120243734.00 "
"14-Dec-19","10.03 ","10.19 ","9.13 ","9.34 ","2119391297.00 ","35138795029.00 "
"15-Dec-19","9.34 ","9.46 ","8.13 ","8.89 ","2273873604.00 ","33467080111.00 "
"16-Dec-19","8.89 ","9.04 ","8.11 ","8.45 ","1966818167.00 ","31796403815.00 "
"17-Dec-19","8.45 ","8.76 ","7.66 ","7.71 ","1756530320.00 ","29001183639.00 "
"18-Dec-19","7.71 ","9.04 ","7.69 ","8.83 ","2626631291.00 ","33222848777.00 "
"19-Dec-19","8.83 ","9.36 ","8.45 ","9.35 ","2245720502.00 ","35185613065.00 "
"20-Dec-19","9.35 ","9.51 ","8.94 ","9.33 ","1876438502.00 ","35099868813.00 "
"21-Dec-19","9.33 ","9.42 ","8.90 ","9.26 ","2441862673.00 ","34832781371.00 "
"22-Dec-19","9.26 ","9.30 ","8.65 ","8.83 ","2084791163.00 ","33247976211.00 "
"23-Dec-19","8.84 ","9.30 ","8.08 ","8.29 ","1539322807.00 ","31204457858.00 "
"24-Dec-19","8.31 ","8.93 ","8.19 ","8.60 ","2011900811.00 ","32374594570.00 "
"25-Dec-19","8.60 ","8.93 ","8.44 ","8.63 ","1770261881.00 ","32478133148.00 "
"26-Dec-19","8.64 ","8.91 ","8.37 ","8.53 ","2502856949.00 ","32090902498.00 "
"27-Dec-19","8.53 ","8.78 ","8.38 ","8.69 ","2084857859.00 ","32724149158.00 "
"28-Dec-19","8.69 ","8.80 ","8.39 ","8.47 ","1702276941.00 ","31896125160.00 "
"29-Dec-19","8.47 ","8.78 ","8.20 ","8.33 ","1815533926.00 ","31360943829.00 "
"30-Dec-19","8.34 ","8.43 ","7.67 ","7.71 ","2214221024.00 ","29000215336.00 "
"31-Dec-19","7.71 ","8.19 ","7.56 ","7.95 ","2510319658.00 ","29908156540.00 "
"1-Jan-20","7.94 ","8.06 ","7.42 ","7.46 ","1477816556.00 ","28083727274.00 "
"2-Jan-20","7.71 ","7.96 ","7.32 ","7.46 ","1956360368.00 ","28084676887.00 "
"3-Jan-20","7.47 ","8.10 ","7.27 ","8.10 ","1767663516.00 ","30487342775.00 "
"4-Jan-20","8.10 ","8.98 ","7.71 ","8.52 ","4899359286.00 ","32077186394.00 "
"5-Jan-20","8.51 ","9.03 ","8.38 ","8.59 ","3226302131.00 ","32332571256.00 "
"6-Jan-20","8.59 ","8.80 ","8.28 ","8.45 ","2481599322.00 ","31819624295.00 "
"7-Jan-20","8.45 ","8.67 ","8.07 ","8.31 ","2520030561.00 ","31274395939.00 "
"8-Jan-20","8.31 ","8.50 ","7.89 ","7.98 ","3752440072.00 ","30042925857.00 "
"9-Jan-20","8.00 ","8.10 ","7.69 ","7.97 ","1601776985.00 ","29983381766.00 "
"10-Jan-20","7.96 ","8.08 ","7.58 ","7.67 ","1657504633.00 ","28872383198.00 "
"11-Jan-20","7.67 ","8.10 ","7.57 ","7.72 ","1727910903.00 ","29037146316.00 "
"12-Jan-20","7.76 ","8.13 ","7.67 ","7.81 ","1179139915.00 ","29391690148.00 "
"13-Jan-20","7.82 ","8.16 ","7.64 ","7.71 ","1865519348.00 ","29032898389.00 "
"14-Jan-20","7.72 ","8.45 ","7.59 ","8.22 ","2268869862.00 ","30923685231.00 "
"15-Jan-20","8.21 ","8.40 ","7.89 ","8.11 ","2273427860.00 ","30522122523.00 "
"16-Jan-20","8.18 ","8.21 ","7.87 ","8.12 ","1991719998.00 ","30573105526.00 "
"17-Jan-20","8.06 ","8.54 ","7.71 ","8.35 ","2106889121.00 ","31438286311.00 "
"18-Jan-20","8.35 ","8.78 ","8.16 ","8.30 ","1980774631.00 ","31245091178.00 "
"19-Jan-20","8.30 ","9.17 ","7.63 ","7.72 ","1482639986.00 ","29065436319.00 "
"20-Jan-20","7.72 ","8.11 ","7.56 ","8.04 ","2300911866.00 ","30272070996.00 "
"21-Jan-20","8.04 ","8.63 ","7.91 ","8.15 ","3549783915.00 ","30666058204.00 "
"22-Jan-20","8.14 ","8.68 ","8.12 ","8.48 ","2162399374.00 ","31917364388.00 "
"23-Jan-20","8.48 ","8.57 ","7.88 ","8.10 ","3365723684.00 ","30472223789.00 "
"24-Jan-20","8.10 ","8.22 ","7.43 ","7.86 ","2843867948.00 ","29564384241.00 "
"25-Jan-20","7.85 ","8.10 ","7.53 ","8.00 ","1690110323.00 ","30103895632.00 "
"26-Jan-20","8.02 ","8.17 ","7.55 ","8.01 ","2108832179.00 ","30156063819.00 "
"27-Jan-20","8.02 ","8.18 ","7.63 ","7.74 ","1705524672.00 ","29142701240.00 "
"28-Jan-20","7.77 ","8.44 ","7.65 ","8.04 ","2224883761.00 ","30254156160.00 "
"29-Jan-20","8.16 ","8.63 ","7.61 ","7.75 ","1869966048.00 ","29168800451.00 "
"30-Jan-20","7.75 ","8.36 ","7.49 ","8.11 ","2028316920.00 ","30529806857.00 "
"31-Jan-20","8.11 ","8.45 ","7.58 ","7.93 ","1706715858.00 ","29833242661.00 "
"1-Feb-20","7.90 ","8.57 ","7.77 ","8.19 ","1705434197.00 ","30832619295.00 "
"2-Feb-20","8.19 ","9.23 ","7.90 ","8.93 ","2234069414.00 ","33615496714.00 "
"3-Feb-20","8.93 ","9.50 ","8.47 ","9.18 ","2802196992.00 ","34563713089.00 "
"4-Feb-20","9.18 ","10.33 ","8.82 ","9.76 ","4163805889.00 ","36749632768.00 "
"5-Feb-20","9.76 ","10.23 ","9.03 ","9.95 ","4804960307.00 ","37440385740.00 "
"6-Feb-20","9.95 ","11.56 ","9.52 ","11.29 ","6234436596.00 ","42505804502.00 "
"7-Feb-20","11.28 ","11.87 ","10.48 ","10.84 ","4907716293.00 ","40794617353.00 "
"8-Feb-20","11.04 ","11.61 ","10.14 ","10.41 ","2541942599.00 ","39196266846.00 "
"9-Feb-20","10.41 ","12.00 ","10.13 ","11.89 ","4098789439.00 ","44743675836.00 "
"10-Feb-20","11.90 ","12.03 ","10.76 ","11.58 ","4822337763.00 ","43598634660.00 "
"11-Feb-20","11.59 ","12.84 ","11.11 ","12.54 ","6115209369.00 ","47200241049.00 "
"12-Feb-20","12.54 ","15.36 ","12.47 ","14.62 ","7453072775.00 ","66783238797.00 "
"13-Feb-20","14.62 ","21.50 ","14.39 ","18.71 ","50665365922.00 ","85441838823.00 "
"14-Feb-20","18.58 ","19.73 ","16.37 ","16.99 ","28928580218.00 ","77612179794.00 "
"15-Feb-20","16.99 ","17.90 ","15.27 ","15.74 ","18352774288.00 ","71890378182.00 "
"16-Feb-20","15.75 ","16.30 ","13.71 ","15.25 ","15142379437.00 ","69652717857.00 "
"17-Feb-20","15.22 ","16.77 ","14.84 ","15.59 ","19296225874.00 ","71205760571.00 "
"18-Feb-20","15.59 ","15.71 ","14.84 ","15.39 ","10468183957.00 ","70267625799.00 "
"19-Feb-20","15.38 ","16.71 ","14.79 ","14.98 ","11234066899.00 ","68404892197.00 "
"20-Feb-20","14.87 ","15.37 ","14.44 ","14.70 ","11243937711.00 ","67156457013.00 "
"21-Feb-20","14.70 ","15.45 ","14.64 ","15.23 ","8518911818.00 ","69539195887.00 "
"22-Feb-20","15.27 ","15.32 ","14.66 ","14.85 ","9327535899.00 ","67807789473.00 "
"23-Feb-20","14.85 ","15.11 ","14.42 ","15.09 ","8406952068.00 ","68934834270.00 "
"24-Feb-20","15.13 ","15.88 ","14.21 ","14.63 ","13468718030.00 ","66813409634.00 "
"25-Feb-20","14.60 ","14.87 ","12.99 ","13.24 ","9866501599.00 ","60461463368.00 "
"26-Feb-20","13.20 ","13.40 ","11.33 ","11.89 ","10135064020.00 ","54293327064.00 "
"27-Feb-20","11.92 ","12.67 ","11.26 ","11.92 ","7192712854.00 ","54444395465.00 "
"28-Feb-20","11.92 ","12.53 ","11.55 ","12.09 ","5014938747.00 ","55228834193.00 "
"29-Feb-20","11.97 ","12.75 ","11.74 ","11.78 ","3167853226.00 ","53793220786.00 "
"1-Mar-20","11.76 ","13.35 ","11.67 ","13.27 ","5934408743.00 ","60597983456.00 "
"2-Mar-20","13.16 ","13.87 ","12.78 ","13.19 ","5924892928.00 ","60237394853.00 "
"3-Mar-20","13.18 ","13.74 ","12.95 ","13.43 ","5272514036.00 ","61346172194.00 "
"4-Mar-20","13.44 ","15.36 ","13.25 ","14.46 ","10308970383.00 ","66023034711.00 "
"5-Mar-20","14.45 ","15.37 ","13.97 ","14.32 ","9936230763.00 ","65412221962.00 "
"6-Mar-20","14.32 ","15.16 ","13.92 ","14.66 ","14055294316.00 ","66946107512.00 "
"7-Mar-20","14.66 ","15.23 ","13.80 ","13.94 ","15105228113.00 ","63644479475.00 "
"8-Mar-20","13.94 ","13.94 ","11.84 ","11.88 ","10049704352.00 ","54260945855.00 "
"9-Mar-20","11.87 ","12.13 ","11.05 ","11.60 ","9849129856.00 ","52982483872.00 "
"10-Mar-20","11.61 ","12.16 ","11.48 ","11.92 ","8396102282.00 ","54423881052.00 "
"11-Mar-20","11.92 ","12.59 ","11.22 ","12.26 ","12234192145.00 ","55973594923.00 "
"12-Mar-20","12.26 ","12.34 ","5.95 ","6.08 ","18365878977.00 ","27761092688.00 "
"13-Mar-20","5.96 ","7.77 ","4.70 ","6.88 ","4828895469.00 ","31415914946.00 "
"14-Mar-20","6.93 ","7.38 ","6.16 ","6.36 ","1777359349.00 ","29031521538.00 "
"15-Mar-20","6.36 ","6.91 ","6.20 ","6.52 ","1529872042.00 ","29770537906.00 "
"16-Mar-20","6.52 ","6.52 ","5.44 ","5.78 ","2053745882.00 ","26377860235.00 "
"17-Mar-20","5.77 ","6.48 ","5.75 ","6.15 ","1536181635.00 ","28085404986.00 "
"18-Mar-20","6.16 ","6.35 ","5.76 ","5.83 ","2611335378.00 ","26619379490.00 "
"19-Mar-20","5.83 ","7.23 ","5.81 ","7.08 ","4003098719.00 ","32321168874.00 "
"20-Mar-20","7.07 ","7.78 ","6.28 ","6.74 ","2456077027.00 ","30763352580.00 "
"21-Mar-20","6.74 ","6.94 ","6.43 ","6.69 ","2072711160.00 ","30553336539.00 "
"22-Mar-20","6.73 ","6.84 ","6.14 ","6.16 ","1916889676.00 ","28141136034.00 "
"23-Mar-20","6.16 ","6.77 ","6.00 ","6.77 ","1064774732.00 ","30902574948.00 "
"24-Mar-20","6.77 ","7.14 ","6.71 ","6.91 ","860833918.00 ","31561989233.00 "
"25-Mar-20","6.91 ","7.14 ","6.77 ","6.94 ","645152631.00 ","31716923333.00 "
"26-Mar-20","6.94 ","7.57 ","6.92 ","7.51 ","1405670014.00 ","34302629377.00 "
"27-Mar-20","7.51 ","8.06 ","7.31 ","7.32 ","3305055187.00 ","33429763107.00 "
"28-Mar-20","7.28 ","7.32 ","6.80 ","7.11 ","1475542279.00 ","32494200667.00 "
"29-Mar-20","7.12 ","7.18 ","6.64 ","6.87 ","1226881645.00 ","31364763878.00 "
"30-Mar-20","6.72 ","7.59 ","6.65 ","7.17 ","3201053281.00 ","32746504202.00 "
"31-Mar-20","7.15 ","7.31 ","7.06 ","7.16 ","1628390711.00 ","32711973549.00 "
"1-Apr-20","7.16 ","7.31 ","6.96 ","7.30 ","1627506310.00 ","33355074040.00 "
"2-Apr-20","7.32 ","7.67 ","7.20 ","7.29 ","1786337005.00 ","33274194022.00 "
"3-Apr-20","7.30 ","8.74 ","7.22 ","7.69 ","10369981594.00 ","35104359038.00 "
"4-Apr-20","7.70 ","8.27 ","7.45 ","7.84 ","2093853227.00 ","35795822334.00 "
"5-Apr-20","7.85 ","7.95 ","7.34 ","7.46 ","1947391044.00 ","34083310255.00 "
"6-Apr-20","7.47 ","8.03 ","7.32 ","7.73 ","3254982851.00 ","35286933426.00 "
"7-Apr-20","7.73 ","8.15 ","7.62 ","7.72 ","2334809836.00 ","35275220688.00 "
"8-Apr-20","7.72 ","8.01 ","7.62 ","7.87 ","1783990250.00 ","35958643531.00 "
"9-Apr-20","7.74 ","8.08 ","7.63 ","7.90 ","2353968932.00 ","36083963194.00 "
"10-Apr-20","7.93 ","7.96 ","6.91 ","7.20 ","2318394813.00 ","32905623919.00 "
"11-Apr-20","7.20 ","7.38 ","6.87 ","6.99 ","826466329.00 ","31909667928.00 "
"12-Apr-20","6.99 ","7.52 ","6.92 ","7.21 ","1362718852.00 ","32921497140.00 "
"13-Apr-20","7.21 ","7.78 ","6.91 ","7.49 ","2164743016.00 ","34185365478.00 "
"14-Apr-20","7.49 ","7.73 ","7.24 ","7.29 ","2453795659.00 ","33285363111.00 "
"15-Apr-20","7.29 ","7.42 ","6.92 ","7.00 ","1743600642.00 ","31973675401.00 "
"16-Apr-20","6.96 ","7.71 ","6.89 ","7.63 ","3115127229.00 ","34839865265.00 "
"17-Apr-20","7.61 ","9.05 ","7.57 ","7.59 ","33044946887.00 ","34652196282.00 "
"18-Apr-20","7.59 ","7.77 ","7.44 ","7.73 ","4521252901.00 ","35294396532.00 "
"19-Apr-20","7.72 ","7.77 ","7.55 ","7.57 ","2025520373.00 ","34594351733.00 "
"20-Apr-20","7.57 ","7.65 ","7.18 ","7.22 ","2166697232.00 ","32983156455.00 "
"21-Apr-20","7.22 ","7.30 ","7.08 ","7.22 ","2056100408.00 ","32964447994.00 "
"22-Apr-20","7.22 ","7.49 ","7.17 ","7.37 ","1514738354.00 ","33664629665.00 "
"23-Apr-20","7.39 ","7.69 ","7.25 ","7.57 ","3052055852.00 ","34581868456.00 "
"24-Apr-20","7.56 ","7.72 ","7.52 ","7.62 ","2384482576.00 ","34791623030.00 "
"25-Apr-20","7.60 ","7.80 ","7.55 ","7.63 ","2124716015.00 ","34831865676.00 "
"26-Apr-20","7.63 ","7.75 ","7.58 ","7.68 ","2034510115.00 ","35078966081.00 "
"27-Apr-20","7.69 ","8.15 ","7.65 ","8.00 ","4722727717.00 ","36553942711.00 "
"28-Apr-20","8.01 ","8.21 ","7.92 ","8.21 ","2759745441.00 ","37483646387.00 "
"29-Apr-20","8.20 ","8.47 ","8.12 ","8.32 ","5089752352.00 ","38011344793.00 "
"30-Apr-20","8.32 ","8.82 ","7.90 ","8.14 ","4961992587.00 ","37167291484.00 "
"1-May-20","8.14 ","8.60 ","8.12 ","8.43 ","2957481877.00 ","38487006929.00 "
"2-May-20","8.44 ","8.86 ","8.41 ","8.82 ","4787482904.00 ","40270911348.00 "
"3-May-20","8.82 ","9.02 ","8.44 ","8.58 ","3284011037.00 ","39163604268.00 "
"4-May-20","8.58 ","9.60 ","8.32 ","9.53 ","10943762204.00 ","43538546778.00 "
"5-May-20","9.54 ","10.95 ","9.23 ","10.55 ","15274349431.00 ","48182377430.00 "
"6-May-20","10.53 ","12.68 ","10.46 ","11.79 ","30143440719.00 ","53854228455.00 "
"7-May-20","11.79 ","13.61 ","10.68 ","10.99 ","43092530105.00 ","50210751668.00 "
"8-May-20","10.99 ","11.98 ","10.99 ","11.07 ","12107710838.00 ","50579103358.00 "
"9-May-20","11.08 ","11.23 ","10.53 ","10.54 ","6730253554.00 ","48134543954.00 "
"10-May-20","10.50 ","10.53 ","8.83 ","9.39 ","8460229955.00 ","42904729843.00 "
"11-May-20","9.42 ","10.28 ","9.34 ","9.78 ","11102661690.00 ","44667477319.00 "
"12-May-20","9.78 ","10.35 ","9.70 ","10.20 ","6522792827.00 ","46596285780.00 "
"13-May-20","10.20 ","11.37 ","10.20 ","11.20 ","11488441310.00 ","51152474888.00 "
"14-May-20","11.20 ","11.29 ","10.82 ","11.11 ","8342291038.00 ","50718208910.00 "
"15-May-20","11.11 ","11.11 ","10.38 ","10.48 ","5498249452.00 ","47841684633.00 "
"16-May-20","10.49 ","11.03 ","10.38 ","10.99 ","5500985111.00 ","50207045463.00 "
"17-May-20","10.92 ","11.14 ","10.77 ","10.81 ","3770342180.00 ","49393205976.00 "
"18-May-20","10.81 ","11.10 ","10.58 ","10.78 ","4936177601.00 ","49219788507.00 "
"19-May-20","10.77 ","10.89 ","10.57 ","10.69 ","3033470285.00 ","48801393550.00 "
"20-May-20","10.68 ","11.05 ","10.55 ","10.74 ","6579817420.00 ","49065282083.00 "
"21-May-20","10.77 ","10.77 ","9.83 ","10.19 ","4614200609.00 ","46516812642.00 "
"22-May-20","10.18 ","10.70 ","9.98 ","10.70 ","4069822829.00 ","48879784662.00 "
"23-May-20","10.70 ","10.70 ","10.42 ","10.60 ","2722998708.00 ","48402209587.00 "
"24-May-20","10.64 ","10.98 ","10.29 ","10.34 ","6029389947.00 ","47233676262.00 "
"25-May-20","10.29 ","11.31 ","10.22 ","11.09 ","10819972509.00 ","50651523705.00 "
"26-May-20","11.12 ","11.34 ","10.76 ","11.09 ","8540861812.00 ","50653676404.00 "
"27-May-20","11.09 ","11.43 ","10.88 ","11.08 ","7250866056.00 ","50602533497.00 "
"28-May-20","11.04 ","11.55 ","10.97 ","11.31 ","6802692955.00 ","51662623211.00 "
"29-May-20","11.31 ","12.53 ","11.18 ","12.36 ","14535966283.00 ","56432816974.00 "
"30-May-20","12.33 ","12.60 ","11.83 ","12.40 ","8681506843.00 ","56630799709.00 "
"31-May-20","12.40 ","12.86 ","11.93 ","11.98 ","9066915103.00 ","54728064878.00 "
"1-Jun-20","12.02 ","12.64 ","11.99 ","12.57 ","7310413579.00 ","57416525748.00 "
"2-Jun-20","12.64 ","13.15 ","11.92 ","13.08 ","12054899127.00 ","59754825676.00 "
"3-Jun-20","13.08 ","13.72 ","12.90 ","13.63 ","13349290327.00 ","62259950414.00 "
"4-Jun-20","13.66 ","14.02 ","13.08 ","13.93 ","8598238555.00 ","63617804829.00 "
"5-Jun-20","13.93 ","14.37 ","13.66 ","13.94 ","10580470275.00 ","63683811946.00 "
"6-Jun-20","13.92 ","14.08 ","13.61 ","13.62 ","5926845426.00 ","62205137748.00 "
"7-Jun-20","13.62 ","13.78 ","13.04 ","13.67 ","6886484673.00 ","62418428807.00 "
"8-Jun-20","13.67 ","13.81 ","13.55 ","13.67 ","4614195840.00 ","62439020151.00 "
"9-Jun-20","13.68 ","14.30 ","13.59 ","14.07 ","8041420529.00 ","64237186890.00 "
"10-Jun-20","14.12 ","14.20 ","13.76 ","13.95 ","5707788923.00 ","63729507197.00 "
"11-Jun-20","13.96 ","14.20 ","12.41 ","12.73 ","9117626336.00 ","58138301727.00 "
"12-Jun-20","12.73 ","13.48 ","12.67 ","13.44 ","6220252385.00 ","61373556404.00 "
"13-Jun-20","13.45 ","13.86 ","13.28 ","13.81 ","5674421200.00 ","63079843671.00 "
"14-Jun-20","13.84 ","13.84 ","13.11 ","13.11 ","4794306474.00 ","59859915526.00 "
"15-Jun-20","13.09 ","13.62 ","12.51 ","13.39 ","7750803246.00 ","61166155400.00 "
"16-Jun-20","13.39 ","14.65 ","13.33 ","14.50 ","17545753156.00 ","66223946401.00 "
"17-Jun-20","14.50 ","14.89 ","14.09 ","14.77 ","11357542341.00 ","67443030063.00 "
"18-Jun-20","14.77 ","16.34 ","14.59 ","16.13 ","17957324941.00 ","73646165828.00 "
"19-Jun-20","16.13 ","16.18 ","15.27 ","15.31 ","10652921113.00 ","69919870077.00 "
"20-Jun-20","15.31 ","15.56 ","14.75 ","14.91 ","9060541015.00 ","68089794936.00 "
"21-Jun-20","14.88 ","15.96 ","14.88 ","15.79 ","7931578430.00 ","72137697975.00 "
"22-Jun-20","15.81 ","17.16 ","15.30 ","15.61 ","32669349412.00 ","71304758160.00 "
"23-Jun-20","15.61 ","15.88 ","15.46 ","15.76 ","8901711449.00 ","71987686742.00 "
"24-Jun-20","15.75 ","15.80 ","14.41 ","14.67 ","18321227969.00 ","66996879003.00 "
"25-Jun-20","14.67 ","14.81 ","14.16 ","14.25 ","6967340699.00 ","65080254602.00 "
"26-Jun-20","14.25 ","14.28 ","13.52 ","13.77 ","8010320796.00 ","62903927394.00 "
"27-Jun-20","13.77 ","14.15 ","13.04 ","13.11 ","6596202824.00 ","59856970915.00 "
"28-Jun-20","13.11 ","13.33 ","12.70 ","13.23 ","6479102531.00 ","60442902138.00 "
"29-Jun-20","13.24 ","13.59 ","13.04 ","13.50 ","5749635537.00 ","61676268805.00 "
"30-Jun-20","13.51 ","13.61 ","13.06 ","13.12 ","4894848745.00 ","59943542424.00 "
"1-Jul-20","13.15 ","13.41 ","12.97 ","13.37 ","6833748667.00 ","61071180093.00 "
"2-Jul-20","13.37 ","13.43 ","12.77 ","12.89 ","5581034686.00 ","60420451568.00 "
"3-Jul-20","12.95 ","12.98 ","12.48 ","12.65 ","5677774885.00 ","59290496698.00 "
"4-Jul-20","12.65 ","13.12 ","12.58 ","12.98 ","5346105587.00 ","60810698447.00 "
"5-Jul-20","12.97 ","13.29 ","12.84 ","13.00 ","5823216616.00 ","60940887714.00 "
"6-Jul-20","13.00 ","13.45 ","12.99 ","13.42 ","4526697934.00 ","62904729137.00 "
"7-Jul-20","13.42 ","13.78 ","13.19 ","13.42 ","5644647278.00 ","62912526306.00 "
"8-Jul-20","13.42 ","13.70 ","13.32 ","13.62 ","5845444758.00 ","63845823643.00 "
"9-Jul-20","13.62 ","14.22 ","13.41 ","13.71 ","9424349010.00 ","64266327952.00 "
"10-Jul-20","13.71 ","14.28 ","13.45 ","14.13 ","8044216119.00 ","66217462329.00 "
"11-Jul-20","14.13 ","14.16 ","13.84 ","13.94 ","4463899662.00 ","65315508593.00 "
"12-Jul-20","13.93 ","13.98 ","13.68 ","13.84 ","4622697479.00 ","64870938058.00 "
"13-Jul-20","13.84 ","14.34 ","13.69 ","13.77 ","8335882789.00 ","64522401612.00 "
"14-Jul-20","13.77 ","13.86 ","13.53 ","13.83 ","5671679655.00 ","64819507903.00 "
"15-Jul-20","13.81 ","14.17 ","13.75 ","13.83 ","6091638788.00 ","64792029683.00 "
"16-Jul-20","13.81 ","14.12 ","13.07 ","13.44 ","6717889506.00 ","62986879392.00 "
"17-Jul-20","13.45 ","13.86 ","13.42 ","13.62 ","4541984568.00 ","63817946215.00 "
"18-Jul-20","13.63 ","13.73 ","13.45 ","13.56 ","3191086527.00 ","63538786902.00 "
"19-Jul-20","13.58 ","13.64 ","12.97 ","13.46 ","6833250176.00 ","63084289469.00 "
"20-Jul-20","13.47 ","13.56 ","13.29 ","13.41 ","5116403387.00 ","62838806146.00 "
"21-Jul-20","13.41 ","13.55 ","13.25 ","13.43 ","4662780629.00 ","62955683023.00 "
"22-Jul-20","13.41 ","13.67 ","13.35 ","13.56 ","6024071381.00 ","63524938150.00 "
"23-Jul-20","13.56 ","13.76 ","13.41 ","13.46 ","6097268322.00 ","63090794753.00 "
"24-Jul-20","13.45 ","13.59 ","13.21 ","13.27 ","4781019725.00 ","62197447660.00 "
"25-Jul-20","13.28 ","13.48 ","13.21 ","13.28 ","5854275735.00 ","62233703685.00 "
"26-Jul-20","13.28 ","13.48 ","13.14 ","13.19 ","6499954751.00 ","61805362191.00 "
"27-Jul-20","13.19 ","13.42 ","12.32 ","12.94 ","10229056635.00 ","60649906785.00 "
"28-Jul-20","12.90 ","13.77 ","12.75 ","13.27 ","9079517260.00 ","62202923605.00 "
"29-Jul-20","13.28 ","13.93 ","13.26 ","13.60 ","8902301621.00 ","63740830350.00 "
"30-Jul-20","13.61 ","15.58 ","13.52 ","14.54 ","24000277787.00 ","68595949352.00 "
"31-Jul-20","14.49 ","18.37 ","14.49 ","15.71 ","74192123693.00 ","74080170156.00 "
"1-Aug-20","15.71 ","15.71 ","14.71 ","14.98 ","17853341259.00 ","70644829012.00 "
"2-Aug-20","14.95 ","14.99 ","13.54 ","14.18 ","11305242192.00 ","66860915993.00 "
"3-Aug-20","14.18 ","15.26 ","14.04 ","14.69 ","15444255981.00 ","69274887089.00 "
"4-Aug-20","14.69 ","15.16 ","14.44 ","14.89 ","12807727617.00 ","70248361863.00 "
"5-Aug-20","14.90 ","15.02 ","14.70 ","14.85 ","9631354108.00 ","70061903561.00 "
"6-Aug-20","14.85 ","15.26 ","14.69 ","14.85 ","11238954730.00 ","70051991445.00 "
"7-Aug-20","14.85 ","15.06 ","14.26 ","14.66 ","10288823030.00 ","69157439539.00 "
"8-Aug-20","14.66 ","14.91 ","14.64 ","14.86 ","8599255963.00 ","70076514521.00 "
"9-Aug-20","14.85 ","15.66 ","14.82 ","15.59 ","14405372120.00 ","73516635535.00 "
"10-Aug-20","15.59 ","16.36 ","14.98 ","16.02 ","17004632180.00 ","75535868389.00 "
"11-Aug-20","16.01 ","16.34 ","15.22 ","15.88 ","15906434769.00 ","74918945751.00 "
"12-Aug-20","15.92 ","18.00 ","15.55 ","17.91 ","24812602760.00 ","84480593052.00 "
"13-Aug-20","17.94 ","21.07 ","17.90 ","20.47 ","55147378514.00 ","100629046402.00 "
"14-Aug-20","20.41 ","22.59 ","19.70 ","22.05 ","39665050124.00 ","108394977162.00 "
"15-Aug-20","22.06 ","22.10 ","20.37 ","20.83 ","18483290722.00 ","102429512413.00 "
"16-Aug-20","20.84 ","22.50 ","20.40 ","21.89 ","19748589646.00 ","107631340416.00 "
"17-Aug-20","21.89 ","23.20 ","21.50 ","22.42 ","25601391999.00 ","110230713354.00 "
"18-Aug-20","22.49 ","24.71 ","19.56 ","20.47 ","50677707679.00 ","100614947824.00 "
"19-Aug-20","20.47 ","20.52 ","17.60 ","18.19 ","21984364883.00 ","89443596774.00 "
"20-Aug-20","18.19 ","20.46 ","18.14 ","20.03 ","20064903589.00 ","98488116431.00 "
"21-Aug-20","20.07 ","20.71 ","18.05 ","18.65 ","29037166946.00 ","91705162509.00 "
"22-Aug-20","18.60 ","19.71 ","18.38 ","19.40 ","13136763705.00 ","95363519032.00 "
"23-Aug-20","19.39 ","19.41 ","18.73 ","18.99 ","8685979256.00 ","93344704669.00 "
"24-Aug-20","18.97 ","19.45 ","18.76 ","19.38 ","11425041206.00 ","95268742879.00 "
"25-Aug-20","19.36 ","19.45 ","17.02 ","17.41 ","14228427594.00 ","85584394991.00 "
"26-Aug-20","17.41 ","17.90 ","17.05 ","17.58 ","10722692092.00 ","86441125404.00 "
"27-Aug-20","17.57 ","17.57 ","16.07 ","16.23 ","10151257450.00 ","79779583862.00 "
"28-Aug-20","16.24 ","17.01 ","16.21 ","17.01 ","10608291478.00 ","83607017538.00 "
"29-Aug-20","16.98 ","17.00 ","16.46 ","16.71 ","8693656222.00 ","82167798829.00 "
"30-Aug-20","16.73 ","16.91 ","16.45 ","16.85 ","9520954765.00 ","82857014538.00 "
"31-Aug-20","16.83 ","16.99 ","16.47 ","16.67 ","9290623043.00 ","81977368466.00 "
"1-Sep-20","16.68 ","17.83 ","16.45 ","16.92 ","15324016267.00 ","83169846889.00 "
"2-Sep-20","16.92 ","16.92 ","15.51 ","16.02 ","9096561126.00 ","78762193409.00 "
"3-Sep-20","16.02 ","16.16 ","12.63 ","12.79 ","8799788016.00 ","62868491982.00 "
"4-Sep-20","12.79 ","13.78 ","12.53 ","13.71 ","8000945314.00 ","67409961440.00 "
"5-Sep-20","13.72 ","13.87 ","11.41 ","11.85 ","7921902308.00 ","58259356259.00 "
"6-Sep-20","11.85 ","12.62 ","11.37 ","12.38 ","7539117762.00 ","60884904129.00 "
"7-Sep-20","12.39 ","13.13 ","11.58 ","12.57 ","7248796090.00 ","61787295663.00 "
"8-Sep-20","12.57 ","12.93 ","12.00 ","12.43 ","6072404795.00 ","61117637380.00 "
"9-Sep-20","12.42 ","14.10 ","12.15 ","13.77 ","10705122478.00 ","67708457592.00 "
"10-Sep-20","13.77 ","14.39 ","13.70 ","13.97 ","7815570011.00 ","68686502251.00 "
"11-Sep-20","13.98 ","14.55 ","13.68 ","13.94 ","7097403107.00 ","68554175455.00 "
"12-Sep-20","13.96 ","14.69 ","13.83 ","14.57 ","8127874915.00 ","71650598320.00 "
"13-Sep-20","14.53 ","14.62 ","13.65 ","13.77 ","6051882542.00 ","67716547619.00 "
"14-Sep-20","13.80 ","15.36 ","13.78 ","15.05 ","10910214889.00 ","74001538522.00 "
"15-Sep-20","15.05 ","15.21 ","14.05 ","14.46 ","8400407871.00 ","71100926516.00 "
"16-Sep-20","14.46 ","14.46 ","13.42 ","13.88 ","6794610989.00 ","68243265812.00 "
"17-Sep-20","13.88 ","14.29 ","13.82 ","14.23 ","6182609156.00 ","69983657328.00 "
"18-Sep-20","14.23 ","14.28 ","13.49 ","13.71 ","5742872097.00 ","67427862868.00 "
"19-Sep-20","13.72 ","13.90 ","13.26 ","13.57 ","5715401999.00 ","66714968084.00 "
"20-Sep-20","13.57 ","13.61 ","12.85 ","12.94 ","4708543017.00 ","63605012820.00 "
"21-Sep-20","12.94 ","13.24 ","11.49 ","12.18 ","5741984215.00 ","59861178561.00 "
"22-Sep-20","12.17 ","12.93 ","12.05 ","12.63 ","5749582066.00 ","62168063909.00 "
"23-Sep-20","12.63 ","12.67 ","11.63 ","11.64 ","5959147289.00 ","57283332560.00 "
"24-Sep-20","11.63 ","12.83 ","11.59 ","12.81 ","6162149455.00 ","63036965323.00 "
"25-Sep-20","12.83 ","12.99 ","12.29 ","12.54 ","5514768268.00 ","61704028794.00 "
"26-Sep-20","12.54 ","12.78 ","12.49 ","12.58 ","5151580201.00 ","61882515293.00 "
"27-Sep-20","12.60 ","12.88 ","12.26 ","12.39 ","5169407324.00 ","60990081769.00 "
"28-Sep-20","12.39 ","12.56 ","12.23 ","12.23 ","5037761086.00 ","60182344856.00 "
"29-Sep-20","12.23 ","12.37 ","12.08 ","12.37 ","4715257445.00 ","60849027933.00 "
"30-Sep-20","12.36 ","13.46 ","12.12 ","12.88 ","13852784285.00 ","63360473157.00 "
"1-Oct-20","12.88 ","13.37 ","12.13 ","12.55 ","8541160047.00 ","61774110194.00 "
"2-Oct-20","12.54 ","12.56 ","11.67 ","11.94 ","5810141209.00 ","58730130525.00 "
"3-Oct-20","11.95 ","12.52 ","11.91 ","12.13 ","4693259347.00 ","59692771066.00 "
"4-Oct-20","12.13 ","12.41 ","12.08 ","12.37 ","4503012998.00 ","60878701062.00 "
"5-Oct-20","12.37 ","12.91 ","12.30 ","12.37 ","6250256366.00 ","60859784414.00 "
"6-Oct-20","12.35 ","12.36 ","11.41 ","11.59 ","5769197324.00 ","57033232074.00 "
"7-Oct-20","11.58 ","11.85 ","11.17 ","11.52 ","5438504879.00 ","56710515402.00 "
"8-Oct-20","11.55 ","11.89 ","11.34 ","11.89 ","5178419509.00 ","58489237106.00 "
"9-Oct-20","11.87 ","12.55 ","11.73 ","12.47 ","6901398157.00 ","61353009618.00 "
"10-Oct-20","12.45 ","13.43 ","12.45 ","12.54 ","8761342371.00 ","61699032648.00 "
"11-Oct-20","12.55 ","12.74 ","12.36 ","12.50 ","5740624656.00 ","61491152849.00 "
"12-Oct-20","12.50 ","12.76 ","12.40 ","12.42 ","6172718817.00 ","61139829861.00 "
"13-Oct-20","12.41 ","13.21 ","12.25 ","12.33 ","7672485025.00 ","60691555910.00 "
"14-Oct-20","12.32 ","12.41 ","12.07 ","12.19 ","4972886174.00 ","60002863999.00 "
"15-Oct-20","12.22 ","12.25 ","11.88 ","12.03 ","5244087517.00 ","59176324054.00 "
"16-Oct-20","12.03 ","12.12 ","11.44 ","11.85 ","5770851304.00 ","58296423557.00 "
"17-Oct-20","11.85 ","11.99 ","11.77 ","11.91 ","4352069384.00 ","58598766140.00 "
"18-Oct-20","11.93 ","12.16 ","11.90 ","12.04 ","4429198106.00 ","59221865066.00 "
"19-Oct-20","12.03 ","12.10 ","11.86 ","11.97 ","4674381207.00 ","58923944575.00 "
"20-Oct-20","11.97 ","12.13 ","11.57 ","11.68 ","5324339112.00 ","57461840727.00 "
"21-Oct-20","11.68 ","12.14 ","11.57 ","11.83 ","5823487431.00 ","58190059098.00 "
"22-Oct-20","11.82 ","12.20 ","11.79 ","12.08 ","5763922915.00 ","59443663155.00 "
"23-Oct-20","12.09 ","12.12 ","11.84 ","11.95 ","5290790824.00 ","58820098751.00 "
"24-Oct-20","11.95 ","12.27 ","11.92 ","12.18 ","6219882460.00 ","59924274833.00 "
"25-Oct-20","12.18 ","12.21 ","11.82 ","11.92 ","5925670764.00 ","58669325674.00 "
"26-Oct-20","11.92 ","12.01 ","11.54 ","11.67 ","5897509103.00 ","57439540242.00 "
"27-Oct-20","11.67 ","11.73 ","11.41 ","11.47 ","7324966900.00 ","56458812589.00 "
"28-Oct-20","11.47 ","11.63 ","10.79 ","11.14 ","6392657408.00 ","54808637292.00 "
"29-Oct-20","11.14 ","11.24 ","10.64 ","10.71 ","5481254344.00 ","52694748989.00 "
"30-Oct-20","10.71 ","10.82 ","9.94 ","10.60 ","6439746092.00 ","52149752695.00 "
"31-Oct-20","10.60 ","10.71 ","10.37 ","10.52 ","5354321707.00 ","51764253429.00 "
"1-Nov-20","10.52 ","10.74 ","10.41 ","10.73 ","5368013338.00 ","52811141620.00 "
"2-Nov-20","10.73 ","10.84 ","10.43 ","10.53 ","7396467013.00 ","51823861762.00 "
"3-Nov-20","10.53 ","10.76 ","10.01 ","10.52 ","7775845017.00 ","51785473351.00 "
"4-Nov-20","10.52 ","10.89 ","10.31 ","10.84 ","6946854979.00 ","53319029880.00 "
"5-Nov-20","10.83 ","10.99 ","10.47 ","10.88 ","6793662811.00 ","53519308088.00 "
"6-Nov-20","10.88 ","11.76 ","10.88 ","11.72 ","8019337215.00 ","57684927231.00 "
"7-Nov-20","11.72 ","12.17 ","10.95 ","11.21 ","8143101726.00 ","55181960858.00 "
"8-Nov-20","11.21 ","11.67 ","11.10 ","11.65 ","7279608059.00 ","57350843904.00 "
"9-Nov-20","11.65 ","12.05 ","11.33 ","12.04 ","7628651152.00 ","59229394332.00 "
"10-Nov-20","12.04 ","12.53 ","11.81 ","12.22 ","9594448611.00 ","60118798884.00 "
"11-Nov-20","12.22 ","12.38 ","12.02 ","12.05 ","7569985944.00 ","59303646121.00 "
"12-Nov-20","12.05 ","12.21 ","11.61 ","11.80 ","6841218819.00 ","58040852513.00 "
"13-Nov-20","11.79 ","12.55 ","11.79 ","12.27 ","8878280316.00 ","60378503685.00 "
"14-Nov-20","12.27 ","12.33 ","11.88 ","12.03 ","6936479350.00 ","59213446782.00 "
"15-Nov-20","12.03 ","12.16 ","11.73 ","11.91 ","5625935556.00 ","58619363094.00 "
"16-Nov-20","11.91 ","12.38 ","11.72 ","12.31 ","6768163327.00 ","60555675892.00 "
"17-Nov-20","12.35 ","12.39 ","12.07 ","12.26 ","7100693629.00 ","60347354432.00 "
"18-Nov-20","12.26 ","12.38 ","11.67 ","11.87 ","8284367062.00 ","58391660626.00 "
"19-Nov-20","11.87 ","12.04 ","11.65 ","11.78 ","6778618361.00 ","57960089664.00 "
"20-Nov-20","11.78 ","12.36 ","11.77 ","12.22 ","7746460481.00 ","60126321110.00 "
"21-Nov-20","12.22 ","12.89 ","12.13 ","12.81 ","9365801262.00 ","63041127384.00 "
"22-Nov-20","12.81 ","12.86 ","12.15 ","12.44 ","8878412905.00 ","61208121048.00 "
"23-Nov-20","12.44 ","13.70 ","12.32 ","13.32 ","14300327184.00 ","65561222947.00 "
"24-Nov-20","13.32 ","14.62 ","13.27 ","14.03 ","16720010640.00 ","69013604077.00 "
"25-Nov-20","14.02 ","16.38 ","13.57 ","15.11 ","27053955592.00 ","74332683938.00 "
"26-Nov-20","15.11 ","15.62 ","12.41 ","13.41 ","16971663663.00 ","65968247994.00 "
"27-Nov-20","13.37 ","13.67 ","12.79 ","12.99 ","8244306145.00 ","63937971218.00 "
"28-Nov-20","13.00 ","13.55 ","12.77 ","13.21 ","7956812299.00 ","65005122080.00 "
"29-Nov-20","13.21 ","13.33 ","12.80 ","13.04 ","6986958397.00 ","64158718681.00 "
"30-Nov-20","13.04 ","13.86 ","12.96 ","13.54 ","10093961385.00 ","66632114194.00 "
"1-Dec-20","13.55 ","14.58 ","13.06 ","13.67 ","11475473559.00 ","67253531608.00 "
"2-Dec-20","13.67 ","15.05 ","13.34 ","14.45 ","22854623160.00 ","71104726650.00 "
"3-Dec-20","14.44 ","14.75 ","13.98 ","14.57 ","11582942173.00 ","71719164201.00 "
"4-Dec-20","14.56 ","14.57 ","13.73 ","13.80 ","6155526502.00 ","67909599194.00 "
"5-Dec-20","13.79 ","14.22 ","13.61 ","14.18 ","4611525828.00 ","69777370115.00 "
"6-Dec-20","14.19 ","14.35 ","13.81 ","14.19 ","3999447294.00 ","69843922387.00 "
"7-Dec-20","14.19 ","14.54 ","14.14 ","14.35 ","6581506219.00 ","70588144173.00 "
"8-Dec-20","14.33 ","14.36 ","13.64 ","13.76 ","5075497046.00 ","67714660046.00 "
"9-Dec-20","13.76 ","13.76 ","12.94 ","13.66 ","5418581501.00 ","67198784346.00 "
"10-Dec-20","13.66 ","13.67 ","13.20 ","13.50 ","4068004124.00 ","66448752114.00 "
"11-Dec-20","13.50 ","14.12 ","12.81 ","13.94 ","5935815518.00 ","68580859690.00 "
"12-Dec-20","13.95 ","14.32 ","13.64 ","13.89 ","4611989603.00 ","68351687288.00 "
"13-Dec-20","13.89 ","14.23 ","13.70 ","14.06 ","3481479447.00 ","69194942787.00 "
"14-Dec-20","14.06 ","18.27 ","14.00 ","16.48 ","62700637720.00 ","81082141252.00 "
"15-Dec-20","16.49 ","17.81 ","15.54 ","16.75 ","41536113693.00 ","82401925693.00 "
"16-Dec-20","16.83 ","16.89 ","15.72 ","16.03 ","22172750619.00 ","78890766855.00 "
"17-Dec-20","16.04 ","16.80 ","15.76 ","16.28 ","19764535541.00 ","81572852755.00 "
"18-Dec-20","16.28 ","16.67 ","15.94 ","16.57 ","14717583050.00 ","89947027720.00 "
"19-Dec-20","16.57 ","18.65 ","16.50 ","18.08 ","39801644865.00 ","98173343775.00 "
"20-Dec-20","18.10 ","18.31 ","17.21 ","17.68 ","24280971033.00 ","95983798196.00 "
"21-Dec-20","17.72 ","27.76 ","17.72 ","21.08 ","274284526637.00 ","114430202078.00 "
"22-Dec-20","21.10 ","21.76 ","18.29 ","19.46 ","57088723538.00 ","105659301521.00 "
"23-Dec-20","19.50 ","25.51 ","17.79 ","20.52 ","121852074129.00 ","111391739681.00 "
"24-Dec-20","20.48 ","22.28 ","19.33 ","21.10 ","76954908351.00 ","114541222195.00 "
"25-Dec-20","21.12 ","21.94 ","20.73 ","21.43 ","72920378916.00 ","116378436676.00 "
"26-Dec-20","21.45 ","24.72 ","21.22 ","23.77 ","103718927245.00 ","129072726879.00 "
"27-Dec-20","23.72 ","26.86 ","22.87 ","26.78 ","149512176128.00 ","145404162816.00 "
"28-Dec-20","26.77 ","32.18 ","26.06 ","31.11 ","184601806065.00 ","168933542724.00 "
"29-Dec-20","31.10 ","34.39 ","30.82 ","32.14 ","174848575649.00 ","174505042037.00 "
"30-Dec-20","32.07 ","32.64 ","24.90 ","25.74 ","140179104366.00 ","139781590418.00 "
"31-Dec-20","25.71 ","25.78 ","21.47 ","24.00 ","108808889693.00 ","130329265707.00 "
"1-Jan-21","23.91 ","24.48 ","22.45 ","23.44 ","75315980916.00 ","127277382996.00 "
"2-Jan-21","23.43 ","23.43 ","21.22 ","21.76 ","67353952541.00 ","118122244576.00 "
"3-Jan-21","21.75 ","23.54 ","20.64 ","21.90 ","73190811473.00 ","118926953188.00 "
"4-Jan-21","21.90 ","23.22 ","19.43 ","21.10 ","56474583677.00 ","114548141586.00 "
"5-Jan-21","21.10 ","23.89 ","20.81 ","22.44 ","65005178044.00 ","121824710275.00 "
"6-Jan-21","22.43 ","25.00 ","22.11 ","23.70 ","69318334701.00 ","128658753741.00 "
"7-Jan-21","23.68 ","24.46 ","22.08 ","22.60 ","67442878360.00 ","122696563082.00 "
"8-Jan-21","22.64 ","22.65 ","20.11 ","21.74 ","51738788826.00 ","118041207936.00 "
"9-Jan-21","21.72 ","23.40 ","21.28 ","22.78 ","49831804650.00 ","123665843594.00 "
"10-Jan-21","22.81 ","23.65 ","20.53 ","21.86 ","55601935611.00 ","118701069431.00 "
"11-Jan-21","21.89 ","21.92 ","17.43 ","19.93 ","50254974764.00 ","108231341850.00 "
"12-Jan-21","19.95 ","20.85 ","18.74 ","19.67 ","39215294062.00 ","106804452915.00 "
"13-Jan-21","19.67 ","23.31 ","19.03 ","22.70 ","52718478584.00 ","123228253887.00 "
"14-Jan-21","22.70 ","24.20 ","21.15 ","21.96 ","75353407548.00 ","119227553726.00 "
"15-Jan-21","22.01 ","22.52 ","20.22 ","21.49 ","49109970152.00 ","116703596036.00 "
"16-Jan-21","21.50 ","22.68 ","21.50 ","22.16 ","55310022544.00 ","120304768298.00 "
"17-Jan-21","22.10 ","22.46 ","20.72 ","21.95 ","45006370393.00 ","119161704843.00 "
"18-Jan-21","21.95 ","23.71 ","21.33 ","23.07 ","63466484745.00 ","125351038059.00 "
"19-Jan-21","23.01 ","26.11 ","22.64 ","25.74 ","94681735531.00 ","139811234233.00 "
"20-Jan-21","25.65 ","26.70 ","23.35 ","24.96 ","81149811537.00 ","135842514652.00 "
"21-Jan-21","25.06 ","25.26 ","21.09 ","21.15 ","44789578754.00 ","115106918994.00 "
"22-Jan-21","21.16 ","22.93 ","19.23 ","22.17 ","55550999617.00 ","120681011689.00 "
"23-Jan-21","22.17 ","23.02 ","21.73 ","22.19 ","48864014808.00 ","120783754112.00 "
"24-Jan-21","22.22 ","22.81 ","21.73 ","22.23 ","44868331750.00 ","120977142894.00 "
"25-Jan-21","22.23 ","23.38 ","21.13 ","21.27 ","49918090960.00 ","115771556357.00 "
"26-Jan-21","21.23 ","23.09 ","20.67 ","23.05 ","54123213398.00 ","125427655720.00 "
"27-Jan-21","23.07 ","23.34 ","20.87 ","21.35 ","52789772443.00 ","116176910976.00 "
"28-Jan-21","21.34 ","22.69 ","20.91 ","22.39 ","49300568053.00 ","121859869606.00 "
"29-Jan-21","22.60 ","22.99 ","21.91 ","22.30 ","62298954112.00 ","121362896423.00 "
"30-Jan-21","22.30 ","25.45 ","21.88 ","23.61 ","74765182939.00 ","128507259058.00 "
"31-Jan-21","23.59 ","24.90 ","22.86 ","24.18 ","66821549677.00 ","131588499789.00 "
"1-Feb-21","24.20 ","26.29 ","23.52 ","25.09 ","80895331517.00 ","136579609346.00 "
"2-Feb-21","25.06 ","26.04 ","24.58 ","25.31 ","59211079868.00 ","137695540926.00 "
"3-Feb-21","25.29 ","26.92 ","25.20 ","26.70 ","67557627904.00 ","145255060645.00 "
"4-Feb-21","26.72 ","27.12 ","24.36 ","25.90 ","80349769770.00 ","140918474279.00 "
"5-Feb-21","25.90 ","28.54 ","25.79 ","28.26 ","58182999725.00 ","153745625925.00 "
"6-Feb-21","28.28 ","28.81 ","25.19 ","26.40 ","75007769316.00 ","143635893549.00 "
"7-Feb-21","26.39 ","26.80 ","24.32 ","25.64 ","64117261009.00 ","139528436465.00 "
"8-Feb-21","25.64 ","27.55 ","24.67 ","27.22 ","52386480276.00 ","148107540571.00 "
"9-Feb-21","27.22 ","30.64 ","26.98 ","29.79 ","71493899455.00 ","162071210974.00 "
"10-Feb-21","29.80 ","34.59 ","28.26 ","32.81 ","118467880551.00 ","178545504074.00 "
"11-Feb-21","32.89 ","36.49 ","31.96 ","34.17 ","95858605076.00 ","185919326184.00 "
"12-Feb-21","34.13 ","41.50 ","33.39 ","40.04 ","153708852391.00 ","217851665000.00 "
"13-Feb-21","40.12 ","42.32 ","36.98 ","41.08 ","107962527177.00 ","223515830223.00 "
"14-Feb-21","41.11 ","43.22 ","37.85 ","39.09 ","79476965541.00 ","212665666166.00 "
"15-Feb-21","38.99 ","42.97 ","32.20 ","38.75 ","126990016386.00 ","210864653681.00 "
"16-Feb-21","38.70 ","41.97 ","36.99 ","38.86 ","82636364246.00 ","211446458909.00 "
"17-Feb-21","38.94 ","43.73 ","37.45 ","40.77 ","106855932997.00 ","221854765837.00 "
"18-Feb-21","40.78 ","44.54 ","40.78 ","44.42 ","56634594995.00 ","241677402949.00 "
"19-Feb-21","44.49 ","74.83 ","44.49 ","60.54 ","770036775954.00 ","329383932011.00 "
"20-Feb-21","60.43 ","63.73 ","55.58 ","57.76 ","186596091704.00 ","314265560641.00 "
"21-Feb-21","57.63 ","64.36 ","56.29 ","61.10 ","136404993895.00 ","332468198221.00 "
"22-Feb-21","60.99 ","61.85 ","45.47 ","53.85 ","112783603335.00 ","292998315693.00 "
"23-Feb-21","53.84 ","55.15 ","36.91 ","47.19 ","113133879877.00 ","256775198445.00 "
"24-Feb-21","47.22 ","62.81 ","43.62 ","57.79 ","324711750884.00 ","314444318507.00 "
"25-Feb-21","57.72 ","69.42 ","56.11 ","56.56 ","274653109052.00 ","307744562224.00 "
"26-Feb-21","56.74 ","61.36 ","53.39 ","56.78 ","140399194896.00 ","308969268139.00 "
"27-Feb-21","56.85 ","66.00 ","56.70 ","60.01 ","180164744809.00 ","326507013259.00 "
"28-Feb-21","60.03 ","60.79 ","53.53 ","57.07 ","106039068388.00 ","310497256104.00 "
"1-Mar-21","57.06 ","63.42 ","56.52 ","63.41 ","109099075706.00 ","345015838977.00 "
"2-Mar-21","63.24 ","78.44 ","60.21 ","73.50 ","419864103742.00 ","399916053931.00 "
"3-Mar-21","73.58 ","102.55 ","72.83 ","96.14 ","925714508671.00 ","523108281682.00 "
"4-Mar-21","95.68 ","167.33 ","92.43 ","133.07 ","2335407515533.00 ","724049340178.00 "
"5-Mar-21","133.30 ","155.64 ","121.71 ","124.95 ","1084545442787.00 ","679986441002.00 "
"6-Mar-21","125.09 ","132.67 ","113.48 ","127.24 ","679179078194.00 ","692429617267.00 "
"7-Mar-21","127.22 ","159.01 ","126.89 ","144.23 ","994691918955.00 ","784912760604.00 "
"8-Mar-21","144.18 ","268.71 ","144.18 ","244.85 ","3880098983184.00 ","1332500734149.00 "
"9-Mar-21","245.47 ","350.49 ","244.31 ","298.49 ","4887567655322.00 ","1624424747359.00 "
"10-Mar-21","298.69 ","307.27 ","264.67 ","280.00 ","2021000040387.00 ","1538369537830.00 "
"11-Mar-21","279.91 ","433.42 ","276.53 ","398.99 ","3151413859604.00 ","2213461151283.00 "
"12-Mar-21","399.97 ","898.66 ","399.97 ","815.85 ","11838655187191.00 ","4526064872179.00 "
"13-Mar-21","822.49 ","999.66 ","659.57 ","663.50 ","5584523908896.00 ","3680874193166.00 "
"14-Mar-21","669.58 ","822.63 ","640.40 ","738.80 ","5269642174099.00 ","4098603511009.00 "
"15-Mar-21","738.50 ","765.21 ","668.66 ","684.40 ","2851673688718.00 ","3796843341627.00 "
"16-Mar-21","683.40 ","686.53 ","538.28 ","587.34 ","2901347876934.00 ","3258346288572.00 "
"17-Mar-21","587.40 ","686.58 ","542.31 ","655.83 ","3492663827033.00 ","3638350836662.00 "
"18-Mar-21","656.76 ","754.38 ","637.91 ","723.29 ","3048768817042.00 ","4040563980972.00 "
"19-Mar-21","722.09 ","801.09 ","665.70 ","684.68 ","2951333387293.00 ","3824860857751.00 "
"20-Mar-21","685.48 ","703.92 ","611.67 ","614.94 ","1483535997595.00 ","3435279735829.00 "
"21-Mar-21","617.55 ","677.43 ","607.43 ","621.55 ","1380676286144.00 ","3472213647439.00 "
"22-Mar-21","621.89 ","632.48 ","562.74 ","572.79 ","846563353688.00 ","3199830215540.00 "
"23-Mar-21","571.86 ","601.97 ","540.20 ","576.74 ","1058168207344.00 ","3221893191641.00 "
"24-Mar-21","576.05 ","631.88 ","520.85 ","552.91 ","1339945142057.00 ","3088739328343.00 "
"25-Mar-21","551.58 ","567.88 ","521.67 ","544.98 ","973454119507.00 ","3044448400618.00 "
"26-Mar-21","545.88 ","598.54 ","545.83 ","579.04 ","1019821094085.00 ","3234714454611.00 "
"27-Mar-21","579.21 ","612.52 ","554.12 ","587.20 ","899496138585.00 ","3280286738338.00 "
"28-Mar-21","587.20 ","625.23 ","575.71 ","610.15 ","1122829414398.00 ","3408542331330.00 "
"29-Mar-21","610.05 ","610.44 ","586.14 ","596.09 ","645241468045.00 ","3329975233299.00 "
"30-Mar-21","596.26 ","611.67 ","587.78 ","594.96 ","843514927115.00 ","3323667989766.00 "
"31-Mar-21","595.49 ","596.14 ","554.77 ","568.43 ","902633079493.00 ","3175466819312.00 "
"1-Apr-21","568.52 ","575.36 ","557.52 ","563.35 ","568748213340.00 ","3147082600812.00 "
"2-Apr-21","563.14 ","599.73 ","556.11 ","567.30 ","890623612143.00 ","3169127066326.00 "
"3-Apr-21","567.39 ","582.98 ","513.14 ","522.64 ","917426420329.00 ","2919666764386.00 "
"4-Apr-21","522.61 ","623.94 ","516.25 ","561.32 ","1723254270410.00 ","3135713193278.00 "
"5-Apr-21","563.51 ","575.39 ","513.27 ","517.69 ","912343878944.00 ","2892018738907.00 "
"6-Apr-21","517.43 ","526.52 ","479.88 ","502.59 ","757994417633.00 ","2807628189070.00 "
"7-Apr-21","502.51 ","554.89 ","418.38 ","506.81 ","1672618543934.00 ","2831206041665.00 "
"8-Apr-21","507.63 ","591.18 ","491.72 ","548.73 ","1780067753628.00 ","3065379965728.00 "
