날짜,시가,고가,저가,종가,거래량,시가총액
05-Apr-18,16.74 ,17.17 ,15.52 ,16.02 ,"\692,525,441","\47,525,866,749"
06-Apr-18,16.13 ,16.31 ,15.40 ,15.95 ,"\536,859,145","\47,306,351,604"
07-Apr-18,15.92 ,17.05 ,15.87 ,16.69 ,"\459,122,028","\49,515,243,697"
08-Apr-18,16.70 ,17.47 ,16.58 ,17.23 ,"\451,311,825","\51,098,098,705"
09-Apr-18,17.26 ,18.31 ,16.59 ,17.14 ,"\565,735,320","\50,849,761,724"
10-Apr-18,17.10 ,17.57 ,16.82 ,17.36 ,"\537,555,092","\51,492,890,829"
11-Apr-18,17.40 ,18.09 ,17.27 ,18.09 ,"\511,104,566","\53,659,220,443"
12-Apr-18,17.99 ,20.07 ,16.71 ,19.89 ,"\1,085,233,058","\59,000,979,065"
13-Apr-18,19.83 ,21.10 ,19.38 ,20.30 ,"\802,495,324","\60,230,599,015"
14-Apr-18,20.35 ,23.45 ,20.35 ,22.22 ,"\1,514,454,197","\65,916,543,978"
15-Apr-18,22.19 ,23.36 ,22.19 ,23.17 ,"\647,531,754","\68,736,391,964"
16-Apr-18,23.15 ,23.17 ,21.02 ,21.73 ,"\777,320,325","\64,444,954,662"
17-Apr-18,21.76 ,22.07 ,21.22 ,21.24 ,"\751,963,430","\63,003,527,733"
18-Apr-18,21.23 ,23.29 ,21.18 ,22.70 ,"\874,318,016","\67,342,554,577"
19-Apr-18,22.73 ,23.98 ,21.81 ,22.86 ,"\1,465,116,486","\67,812,082,391"
20-Apr-18,22.74 ,29.46 ,22.68 ,29.46 ,"\3,210,747,289","\87,394,844,156"
21-Apr-18,29.49 ,38.69 ,29.49 ,38.69 ,"\4,523,444,481","\114,783,966,644"
22-Apr-18,40.10 ,46.86 ,39.28 ,39.37 ,"\4,390,830,318","\116,784,067,996"
23-Apr-18,39.03 ,41.18 ,37.29 ,38.58 ,"\2,346,280,999","\114,446,818,193"
24-Apr-18,38.60 ,42.44 ,36.70 ,41.83 ,"\3,139,254,495","\124,090,403,381"
25-Apr-18,41.68 ,41.68 ,33.09 ,35.17 ,"\2,391,766,143","\104,328,007,849"
26-Apr-18,35.34 ,38.33 ,33.74 ,38.33 ,"\2,096,316,068","\113,687,731,469"
27-Apr-18,38.52 ,40.88 ,37.92 ,39.85 ,"\2,282,572,423","\118,207,732,632"
28-Apr-18,39.62 ,41.56 ,39.39 ,40.86 ,"\2,185,919,316","\121,196,489,981"
29-Apr-18,40.83 ,42.27 ,38.82 ,39.92 ,"\1,955,296,304","\118,418,534,199"
30-Apr-18,39.92 ,40.36 ,37.17 ,37.35 ,"\1,854,090,164","\110,787,115,316"
01-May-18,37.68 ,37.68 ,34.33 ,36.35 ,"\1,443,368,125","\107,813,774,298"
02-May-18,36.24 ,40.94 ,35.50 ,40.65 ,"\2,126,198,881","\120,579,501,611"
03-May-18,40.61 ,41.44 ,38.90 ,40.67 ,"\2,239,256,466","\120,633,793,907"
04-May-18,40.63 ,41.16 ,38.66 ,38.66 ,"\1,465,523,208","\114,684,430,769"
05-May-18,38.65 ,40.48 ,38.43 ,39.49 ,"\897,463,921","\117,136,632,779"
06-May-18,39.44 ,39.96 ,35.79 ,36.54 ,"\1,358,137,144","\108,380,827,161"
07-May-18,36.81 ,36.89 ,32.30 ,34.68 ,"\1,347,664,037","\102,871,164,589"
08-May-18,34.77 ,35.47 ,31.87 ,32.72 ,"\1,327,022,865","\97,063,564,667"
09-May-18,32.70 ,32.70 ,29.44 ,30.35 ,"\1,270,398,041","\90,016,960,942"
10-May-18,30.43 ,32.10 ,28.61 ,28.61 ,"\1,856,869,435","\84,856,846,914"
11-May-18,28.57 ,28.70 ,25.04 ,25.77 ,"\1,515,030,387","\76,456,957,455"
12-May-18,25.75 ,26.29 ,22.64 ,24.12 ,"\1,207,548,102","\71,561,937,289"
13-May-18,24.08 ,26.32 ,23.81 ,25.84 ,"\1,617,456,695","\76,663,737,370"
14-May-18,25.86 ,25.95 ,22.62 ,25.46 ,"\1,788,347,974","\75,515,555,863"
15-May-18,25.43 ,25.65 ,22.97 ,23.78 ,"\1,060,203,801","\70,532,059,364"
16-May-18,23.75 ,23.75 ,21.89 ,23.08 ,"\834,933,711","\68,460,573,697"
17-May-18,23.03 ,26.31 ,22.83 ,23.82 ,"\849,714,688","\70,654,384,598"
18-May-18,23.81 ,27.39 ,22.71 ,27.02 ,"\1,468,404,160","\80,144,141,617"
19-May-18,27.05 ,27.09 ,24.84 ,24.94 ,"\610,823,909","\73,967,220,031"
20-May-18,24.96 ,26.86 ,24.96 ,25.93 ,"\472,302,100","\76,930,842,058"
21-May-18,25.95 ,36.95 ,25.89 ,36.20 ,"\5,188,232,571","\107,391,165,751"
22-May-18,35.63 ,35.94 ,31.24 ,31.30 ,"\1,878,775,966","\92,859,263,149"
23-May-18,31.30 ,31.49 ,26.09 ,26.72 ,"\1,172,739,426","\79,275,129,752"
24-May-18,26.55 ,30.29 ,25.59 ,30.29 ,"\1,144,596,481","\89,846,040,753"
25-May-18,30.50 ,32.30 ,28.68 ,30.87 ,"\2,113,002,992","\91,558,594,022"
26-May-18,30.27 ,31.01 ,29.13 ,29.53 ,"\988,060,250","\87,595,926,732"
27-May-18,29.53 ,29.55 ,27.25 ,27.52 ,"\894,829,262","\81,627,795,887"
28-May-18,27.50 ,28.58 ,25.83 ,26.76 ,"\1,307,850,414","\79,375,000,765"
29-May-18,26.79 ,30.03 ,26.72 ,30.03 ,"\969,259,498","\89,069,862,011"
30-May-18,30.07 ,30.82 ,29.15 ,30.35 ,"\869,139,081","\90,020,647,456"
31-May-18,30.30 ,34.85 ,17.59 ,18.81 ,"\4,595,163,233","\55,801,085,011"
01-Jun-18,18.83 ,19.10 ,14.54 ,14.88 ,"\1,926,136,553","\44,143,657,827"
02-Jun-18,14.87 ,19.28 ,14.31 ,18.96 ,"\7,275,623,337","\56,247,823,467"
03-Jun-18,19.01 ,19.61 ,17.50 ,17.64 ,"\2,125,283,755","\52,335,091,683"
04-Jun-18,17.80 ,17.92 ,15.32 ,15.76 ,"\1,521,854,289","\46,749,017,732"
05-Jun-18,15.73 ,15.89 ,14.87 ,15.48 ,"\717,146,846","\45,921,898,071"
06-Jun-18,15.53 ,15.70 ,14.33 ,14.62 ,"\786,176,709","\43,374,516,975"
07-Jun-18,14.70 ,15.13 ,14.01 ,14.01 ,"\614,862,891","\41,568,125,171"
08-Jun-18,14.01 ,14.01 ,12.22 ,12.60 ,"\834,256,969","\37,366,839,891"
09-Jun-18,12.60 ,12.80 ,12.16 ,12.16 ,"\318,097,745","\36,064,830,214"
10-Jun-18,12.14 ,12.14 ,9.74 ,9.86 ,"\345,257,777","\29,253,861,753"
11-Jun-18,9.85 ,10.48 ,9.10 ,10.42 ,"\339,919,543","\30,906,090,250"
12-Jun-18,10.42 ,10.66 ,9.07 ,9.70 ,"\292,407,564","\28,787,115,582"
13-Jun-18,9.73 ,9.99 ,8.96 ,9.37 ,"\243,821,160","\27,786,160,034"
14-Jun-18,9.40 ,10.21 ,9.17 ,10.09 ,"\265,057,729","\29,927,655,951"
15-Jun-18,10.08 ,12.22 ,9.64 ,10.27 ,"\621,321,871","\30,475,572,455"
16-Jun-18,10.33 ,10.73 ,9.94 ,10.19 ,"\275,565,859","\30,222,644,089"
17-Jun-18,10.19 ,10.29 ,9.56 ,9.77 ,"\183,951,594","\28,991,951,699"
18-Jun-18,9.76 ,9.91 ,9.37 ,9.81 ,"\261,858,178","\29,089,577,289"
19-Jun-18,9.82 ,10.04 ,9.29 ,9.83 ,"\296,562,914","\29,172,724,934"
20-Jun-18,9.83 ,9.85 ,8.11 ,8.57 ,"\421,945,323","\25,409,431,017"
21-Jun-18,8.55 ,8.57 ,7.58 ,7.70 ,"\314,653,031","\22,834,300,527"
22-Jun-18,7.66 ,7.73 ,6.27 ,6.84 ,"\332,540,917","\20,291,544,330"
23-Jun-18,6.86 ,7.17 ,6.29 ,6.62 ,"\197,237,865","\19,630,150,225"
24-Jun-18,6.66 ,7.03 ,6.20 ,6.97 ,"\243,068,724","\20,661,335,187"
25-Jun-18,6.95 ,7.73 ,6.77 ,7.49 ,"\148,069,622","\22,204,744,496"
26-Jun-18,7.48 ,8.27 ,6.93 ,7.00 ,"\311,080,651","\20,759,597,539"
27-Jun-18,7.05 ,7.07 ,6.39 ,6.56 ,"\221,009,671","\19,448,840,770"
28-Jun-18,6.60 ,7.01 ,5.91 ,6.22 ,"\198,839,900","\18,463,100,470"
29-Jun-18,6.25 ,6.37 ,5.78 ,6.35 ,"\152,327,782","\18,829,037,244"
30-Jun-18,6.33 ,6.69 ,6.21 ,6.27 ,"\155,764,588","\18,598,663,640"
01-Jul-18,6.36 ,6.44 ,5.88 ,5.99 ,"\208,469,058","\17,780,559,181"
02-Jul-18,5.92 ,6.35 ,5.72 ,6.08 ,"\194,857,408","\18,040,290,841"
03-Jul-18,6.07 ,6.26 ,5.53 ,5.62 ,"\217,117,562","\16,676,917,465"
04-Jul-18,5.64 ,6.70 ,5.50 ,5.93 ,"\341,728,329","\17,602,332,991"
05-Jul-18,5.96 ,6.45 ,5.87 ,6.17 ,"\212,413,137","\18,311,886,373"
06-Jul-18,6.17 ,6.22 ,5.87 ,6.06 ,"\182,782,266","\17,985,026,647"
07-Jul-18,6.07 ,6.33 ,5.97 ,6.33 ,"\154,642,711","\18,770,723,297"
08-Jul-18,6.36 ,6.41 ,5.97 ,6.09 ,"\155,921,628","\18,073,536,494"
09-Jul-18,6.09 ,6.28 ,5.51 ,5.71 ,"\172,971,213","\16,924,852,280"
10-Jul-18,5.74 ,6.02 ,5.55 ,5.57 ,"\103,183,944","\16,509,214,596"
11-Jul-18,5.56 ,5.67 ,5.29 ,5.43 ,"\128,892,652","\16,117,103,574"
12-Jul-18,5.43 ,5.47 ,5.22 ,5.31 ,"\113,825,839","\15,756,193,865"
13-Jul-18,5.33 ,5.47 ,4.91 ,5.16 ,"\159,094,064","\15,294,407,730"
14-Jul-18,5.13 ,6.99 ,4.82 ,4.92 ,"\151,151,676","\14,595,712,807"
15-Jul-18,4.92 ,5.35 ,4.88 ,4.94 ,"\163,351,094","\14,644,709,928"
16-Jul-18,4.95 ,5.17 ,4.80 ,4.94 ,"\170,138,842","\14,651,647,277"
17-Jul-18,4.94 ,5.27 ,4.76 ,5.20 ,"\220,514,826","\15,431,445,505"
18-Jul-18,5.24 ,5.28 ,4.65 ,4.90 ,"\197,966,577","\14,536,125,337"
19-Jul-18,4.91 ,5.14 ,4.59 ,4.94 ,"\173,548,533","\14,639,515,295"
20-Jul-18,4.94 ,4.97 ,4.43 ,4.47 ,"\124,790,402","\13,247,521,165"
21-Jul-18,4.47 ,4.60 ,4.36 ,4.53 ,"\77,472,517","\13,430,238,199"
22-Jul-18,4.53 ,5.04 ,4.52 ,4.84 ,"\110,423,491","\14,364,702,441"
23-Jul-18,4.83 ,4.86 ,4.54 ,4.57 ,"\136,907,346","\13,562,818,643"
24-Jul-18,4.58 ,4.78 ,4.47 ,4.78 ,"\139,991,659","\14,190,095,738"
25-Jul-18,4.75 ,5.05 ,4.60 ,4.86 ,"\216,431,783","\14,426,501,819"
26-Jul-18,4.86 ,4.97 ,4.72 ,4.75 ,"\185,853,022","\14,084,661,441"
27-Jul-18,4.75 ,5.87 ,4.69 ,5.26 ,"\819,404,816","\15,603,739,758"
28-Jul-18,5.27 ,5.32 ,4.97 ,5.11 ,"\878,825,858","\15,150,063,954"
29-Jul-18,5.12 ,5.27 ,4.73 ,5.07 ,"\641,869,271","\15,045,333,446"
30-Jul-18,5.07 ,5.49 ,4.97 ,5.16 ,"\404,342,143","\15,304,897,537"
31-Jul-18,5.17 ,5.34 ,4.80 ,4.90 ,"\453,700,190","\14,543,330,796"
01-Aug-18,4.87 ,5.07 ,4.73 ,4.90 ,"\462,184,875","\14,538,538,328"
02-Aug-18,4.90 ,4.99 ,4.46 ,4.50 ,"\332,527,359","\13,344,845,131"
03-Aug-18,4.50 ,4.63 ,4.27 ,4.51 ,"\222,459,186","\13,374,940,490"
04-Aug-18,4.52 ,4.61 ,4.32 ,4.41 ,"\112,734,128","\13,093,458,398"
05-Aug-18,4.39 ,4.54 ,4.30 ,4.36 ,"\114,801,973","\12,947,338,393"
06-Aug-18,4.36 ,4.54 ,4.27 ,4.40 ,"\198,991,292","\13,060,715,452"
07-Aug-18,4.41 ,4.72 ,3.95 ,4.61 ,"\495,283,057","\13,674,486,500"
08-Aug-18,4.51 ,5.42 ,4.42 ,4.84 ,"\545,300,898","\14,353,475,331"
09-Aug-18,4.84 ,4.88 ,4.24 ,4.58 ,"\204,860,525","\13,587,786,397"
10-Aug-18,4.57 ,4.73 ,4.28 ,4.41 ,"\198,970,955","\13,095,536,251"
11-Aug-18,4.41 ,4.85 ,4.20 ,4.62 ,"\142,375,506","\13,718,054,392"
12-Aug-18,4.61 ,5.13 ,4.32 ,4.55 ,"\125,035,566","\13,482,921,833"
13-Aug-18,4.52 ,5.39 ,4.49 ,4.60 ,"\301,356,591","\13,640,771,655"
14-Aug-18,4.60 ,4.64 ,4.09 ,4.49 ,"\186,228,110","\13,314,515,176"
15-Aug-18,4.51 ,4.73 ,4.13 ,4.46 ,"\153,933,206","\13,225,737,219"
16-Aug-18,4.46 ,4.77 ,4.10 ,4.48 ,"\154,572,665","\13,283,682,515"
17-Aug-18,4.48 ,5.14 ,4.35 ,5.12 ,"\159,370,861","\15,186,258,818"
18-Aug-18,5.07 ,5.10 ,4.57 ,4.93 ,"\129,883,473","\14,627,148,716"
19-Aug-18,4.94 ,5.04 ,4.62 ,4.86 ,"\119,594,521","\14,428,948,324"
20-Aug-18,4.78 ,4.91 ,4.58 ,4.62 ,"\103,513,500","\13,718,925,750"
21-Aug-18,4.61 ,4.75 ,4.51 ,4.72 ,"\128,542,418","\13,997,659,713"
22-Aug-18,4.72 ,5.04 ,4.50 ,4.57 ,"\120,626,015","\13,546,128,790"
23-Aug-18,4.57 ,5.03 ,4.54 ,5.00 ,"\139,000,838","\14,825,315,594"
24-Aug-18,5.03 ,5.18 ,4.97 ,5.11 ,"\133,231,026","\15,169,602,478"
25-Aug-18,5.11 ,5.21 ,4.96 ,5.09 ,"\105,839,389","\15,087,058,080"
26-Aug-18,5.08 ,5.84 ,4.66 ,4.68 ,"\151,818,249","\13,880,897,764"
27-Aug-18,4.68 ,4.95 ,4.54 ,4.95 ,"\141,508,961","\14,675,810,699"
28-Aug-18,4.97 ,5.39 ,4.85 ,5.31 ,"\91,158,849","\15,740,006,717"
29-Aug-18,5.31 ,5.31 ,5.07 ,5.11 ,"\71,875,340","\15,168,831,661"
30-Aug-18,5.11 ,5.23 ,4.59 ,4.74 ,"\210,777,209","\14,073,870,009"
31-Aug-18,4.75 ,4.85 ,4.66 ,4.75 ,"\111,522,207","\14,090,962,028"
01-Sep-18,4.75 ,4.92 ,4.72 ,4.90 ,"\68,011,136","\14,529,824,750"
02-Sep-18,4.90 ,4.98 ,4.76 ,4.85 ,"\37,679,347","\14,375,560,900"
03-Sep-18,4.85 ,4.89 ,4.67 ,4.70 ,"\44,202,612","\13,956,806,436"
04-Sep-18,4.71 ,4.85 ,4.53 ,4.64 ,"\108,254,304","\13,776,669,963"
05-Sep-18,4.64 ,4.66 ,4.11 ,4.14 ,"\136,529,998","\12,292,211,362"
06-Sep-18,4.12 ,4.15 ,3.74 ,4.12 ,"\64,720,525","\12,228,702,782"
07-Sep-18,4.12 ,4.13 ,3.79 ,3.90 ,"\63,195,654","\11,575,385,493"
08-Sep-18,3.90 ,3.97 ,3.48 ,3.62 ,"\25,981,440","\10,726,314,318"
09-Sep-18,3.61 ,3.66 ,3.44 ,3.55 ,"\15,353,552","\10,542,089,165"
10-Sep-18,3.55 ,3.72 ,3.53 ,3.59 ,"\34,416,414","\10,660,426,261"
11-Sep-18,3.60 ,3.62 ,3.33 ,3.36 ,"\46,674,243","\9,959,117,264"
12-Sep-18,3.36 ,3.39 ,3.23 ,3.37 ,"\44,298,644","\9,993,502,385"
13-Sep-18,3.37 ,3.68 ,3.32 ,3.68 ,"\47,238,909","\10,914,829,232"
14-Sep-18,3.79 ,3.79 ,3.46 ,3.53 ,"\28,374,098","\10,465,376,162"
15-Sep-18,3.53 ,3.78 ,3.48 ,3.78 ,"\25,197,030","\11,205,561,123"
16-Sep-18,3.81 ,3.81 ,3.61 ,3.75 ,"\28,648,071","\11,135,483,845"
17-Sep-18,3.74 ,3.78 ,3.49 ,3.54 ,"\13,414,615","\10,498,487,760"
18-Sep-18,3.54 ,3.56 ,3.38 ,3.48 ,"\18,907,291","\10,326,025,937"
19-Sep-18,3.47 ,3.67 ,3.46 ,3.60 ,"\16,762,507","\10,680,802,628"
20-Sep-18,3.60 ,3.76 ,3.45 ,3.57 ,"\31,259,682","\10,594,069,011"
21-Sep-18,3.56 ,3.94 ,3.56 ,3.72 ,"\37,694,938","\11,048,683,200"
22-Sep-18,3.68 ,3.89 ,3.60 ,3.88 ,"\19,774,288","\11,509,329,867"
23-Sep-18,3.81 ,3.86 ,3.63 ,3.65 ,"\10,033,982","\10,829,871,844"
24-Sep-18,3.65 ,3.77 ,3.56 ,3.65 ,"\7,641,222","\10,826,151,817"
25-Sep-18,3.65 ,3.65 ,3.36 ,3.45 ,"\10,458,759","\10,239,895,567"
26-Sep-18,3.51 ,3.75 ,3.39 ,3.65 ,"\19,942,965","\10,834,731,340"
27-Sep-18,3.65 ,3.72 ,3.51 ,3.66 ,"\43,080,397","\10,851,856,873"
28-Sep-18,3.66 ,3.68 ,3.58 ,3.63 ,"\27,125,912","\10,776,417,393"
29-Sep-18,3.63 ,3.70 ,3.51 ,3.59 ,"\26,846,968","\10,635,257,425"
30-Sep-18,3.59 ,3.81 ,3.54 ,3.73 ,"\12,548,635","\11,063,797,907"
01-Oct-18,3.74 ,3.79 ,3.56 ,3.79 ,"\75,782,475","\11,252,681,473"
02-Oct-18,3.79 ,4.03 ,3.63 ,3.85 ,"\60,453,327","\11,419,345,415"
03-Oct-18,3.84 ,3.93 ,3.63 ,3.81 ,"\44,037,099","\11,300,539,126"
04-Oct-18,3.80 ,4.08 ,3.65 ,3.74 ,"\119,239,768","\11,105,623,083"
05-Oct-18,3.74 ,6.75 ,3.65 ,4.95 ,"\2,576,655,458","\14,683,451,837"
06-Oct-18,4.98 ,5.85 ,4.69 ,4.72 ,"\911,345,589","\14,003,859,759"
07-Oct-18,4.73 ,4.73 ,4.45 ,4.72 ,"\137,860,885","\14,004,228,411"
08-Oct-18,4.81 ,4.95 ,4.58 ,4.86 ,"\183,211,585","\14,406,561,131"
09-Oct-18,4.87 ,4.90 ,4.61 ,4.73 ,"\58,828,018","\14,025,643,705"
10-Oct-18,4.72 ,4.81 ,4.34 ,4.57 ,"\125,708,917","\13,562,416,478"
11-Oct-18,4.56 ,4.68 ,3.88 ,4.12 ,"\148,562,208","\12,220,424,882"
12-Oct-18,4.10 ,4.32 ,4.04 ,4.24 ,"\41,727,931","\12,583,445,959"
13-Oct-18,4.24 ,4.41 ,4.13 ,4.23 ,"\45,039,896","\12,540,581,856"
14-Oct-18,4.23 ,4.32 ,4.18 ,4.22 ,"\35,444,067","\12,515,345,993"
15-Oct-18,4.22 ,4.70 ,4.18 ,4.47 ,"\62,400,963","\13,254,994,734"
16-Oct-18,4.47 ,4.53 ,4.17 ,4.24 ,"\46,527,823","\12,568,096,655"
17-Oct-18,4.25 ,4.43 ,4.23 ,4.27 ,"\26,522,607","\12,659,522,200"
18-Oct-18,4.27 ,4.34 ,4.10 ,4.28 ,"\38,090,927","\12,708,284,724"
19-Oct-18,4.28 ,4.43 ,4.27 ,4.41 ,"\27,540,656","\13,084,778,334"
20-Oct-18,4.41 ,4.65 ,4.40 ,4.59 ,"\34,500,019","\13,603,873,003"
21-Oct-18,4.59 ,4.70 ,4.39 ,4.43 ,"\42,173,066","\13,131,831,656"
22-Oct-18,4.43 ,4.60 ,4.42 ,4.48 ,"\23,396,153","\13,299,433,983"
23-Oct-18,4.48 ,4.57 ,4.37 ,4.46 ,"\15,292,883","\13,244,773,036"
24-Oct-18,4.46 ,4.54 ,4.41 ,4.45 ,"\22,960,056","\13,187,799,640"
25-Oct-18,4.45 ,4.48 ,4.38 ,4.40 ,"\17,457,438","\13,054,414,865"
26-Oct-18,4.40 ,4.48 ,4.39 ,4.47 ,"\30,190,228","\13,256,234,743"
27-Oct-18,4.46 ,4.63 ,4.45 ,4.57 ,"\88,234,175","\13,557,255,359"
28-Oct-18,4.59 ,4.61 ,4.49 ,4.52 ,"\16,848,597","\13,408,554,794"
29-Oct-18,4.51 ,4.64 ,4.36 ,4.40 ,"\46,710,057","\13,040,372,598"
30-Oct-18,4.40 ,4.52 ,4.39 ,4.44 ,"\18,505,087","\13,168,931,391"
31-Oct-18,4.45 ,4.46 ,4.25 ,4.29 ,"\57,994,350","\12,721,053,468"
01-Nov-18,4.29 ,4.55 ,4.28 ,4.52 ,"\31,131,113","\13,411,772,115"
02-Nov-18,4.52 ,4.61 ,4.48 ,4.49 ,"\7,672,494","\13,332,243,957"
03-Nov-18,4.49 ,4.60 ,4.37 ,4.39 ,"\24,594,968","\13,029,882,790"
04-Nov-18,4.39 ,4.52 ,4.39 ,4.45 ,"\20,817,192","\13,200,400,815"
05-Nov-18,4.43 ,4.53 ,4.42 ,4.50 ,"\13,844,950","\13,362,942,563"
06-Nov-18,4.51 ,4.55 ,4.41 ,4.48 ,"\17,235,435","\13,394,646,583"
07-Nov-18,4.49 ,5.02 ,4.46 ,4.78 ,"\122,479,992","\14,181,013,508"
08-Nov-18,4.78 ,5.03 ,4.77 ,4.84 ,"\99,097,284","\14,355,050,478"
09-Nov-18,4.84 ,5.19 ,4.82 ,5.05 ,"\104,832,411","\14,988,795,728"
10-Nov-18,5.06 ,5.57 ,5.06 ,5.20 ,"\110,661,198","\15,412,376,174"
11-Nov-18,5.20 ,5.24 ,5.01 ,5.15 ,"\27,886,483","\15,270,512,417"
12-Nov-18,5.17 ,5.24 ,4.78 ,4.84 ,"\36,700,388","\14,356,424,542"
13-Nov-18,4.84 ,4.99 ,4.79 ,4.99 ,"\47,360,926","\14,814,155,511"
14-Nov-18,4.98 ,5.22 ,4.39 ,4.54 ,"\77,632,159","\13,463,148,713"
15-Nov-18,4.57 ,4.63 ,4.25 ,4.57 ,"\61,425,507","\13,557,892,120"
16-Nov-18,4.58 ,4.82 ,4.55 ,4.71 ,"\28,035,389","\13,981,103,914"
17-Nov-18,4.72 ,4.73 ,4.31 ,4.48 ,"\12,729,627","\13,283,481,432"
18-Nov-18,4.48 ,4.78 ,4.44 ,4.72 ,"\21,784,514","\14,009,825,209"
19-Nov-18,4.71 ,4.71 ,3.61 ,3.69 ,"\115,869,620","\10,941,573,215"
20-Nov-18,3.66 ,3.90 ,3.25 ,3.31 ,"\33,692,335","\9,826,637,361"
21-Nov-18,3.38 ,3.62 ,3.25 ,3.59 ,"\21,602,619","\10,657,074,884"
22-Nov-18,3.58 ,3.66 ,3.42 ,3.51 ,"\21,115,456","\10,425,092,620"
23-Nov-18,3.50 ,3.52 ,3.26 ,3.49 ,"\13,512,003","\10,352,870,461"
24-Nov-18,3.49 ,3.56 ,3.08 ,3.17 ,"\14,462,491","\9,416,328,365"
25-Nov-18,3.19 ,3.21 ,2.71 ,2.96 ,"\43,189,647","\8,766,261,912"
26-Nov-18,2.95 ,3.23 ,2.77 ,2.86 ,"\23,095,969","\8,471,441,342"
27-Nov-18,2.86 ,3.26 ,2.86 ,3.16 ,"\18,986,828","\9,371,352,896"
28-Nov-18,3.16 ,3.63 ,3.12 ,3.52 ,"\50,520,257","\10,453,914,455"
29-Nov-18,3.53 ,3.57 ,3.34 ,3.41 ,"\20,452,172","\10,116,836,473"
30-Nov-18,3.45 ,3.58 ,3.22 ,3.34 ,"\36,441,253","\9,894,019,629"
01-Dec-18,3.33 ,3.58 ,3.29 ,3.55 ,"\12,338,688","\10,537,797,370"
02-Dec-18,3.54 ,3.58 ,3.26 ,3.45 ,"\12,189,919","\10,228,466,109"
03-Dec-18,3.45 ,3.55 ,3.22 ,3.23 ,"\9,783,204","\9,578,493,248"
04-Dec-18,3.22 ,3.29 ,3.04 ,3.23 ,"\32,584,684","\9,567,706,692"
05-Dec-18,3.23 ,3.27 ,3.05 ,3.09 ,"\7,928,846","\9,177,011,180"
06-Dec-18,3.09 ,3.22 ,2.93 ,2.95 ,"\14,264,643","\8,737,784,546"
07-Dec-18,2.92 ,2.93 ,2.64 ,2.73 ,"\48,887,836","\8,103,634,216"
08-Dec-18,2.73 ,2.84 ,2.68 ,2.78 ,"\27,524,985","\8,260,308,400"
09-Dec-18,2.79 ,2.99 ,2.78 ,2.91 ,"\21,378,364","\8,640,065,603"
10-Dec-18,2.91 ,2.93 ,2.83 ,2.87 ,"\7,515,398","\8,505,076,183"
11-Dec-18,2.88 ,2.97 ,2.49 ,2.62 ,"\31,333,821","\7,779,947,458"
12-Dec-18,2.62 ,2.83 ,2.61 ,2.80 ,"\28,504,177","\8,311,475,462"
13-Dec-18,2.83 ,3.01 ,2.81 ,2.88 ,"\82,046,071","\8,540,521,085"
14-Dec-18,2.88 ,2.96 ,2.85 ,2.91 ,"\24,003,073","\8,644,161,281"
15-Dec-18,2.91 ,3.10 ,2.87 ,3.03 ,"\26,146,757","\8,995,792,477"
16-Dec-18,3.03 ,3.16 ,3.03 ,3.03 ,"\9,507,527","\8,995,952,925"
17-Dec-18,3.03 ,3.51 ,3.00 ,3.41 ,"\19,793,408","\10,102,903,375"
18-Dec-18,3.42 ,3.71 ,3.35 ,3.71 ,"\17,121,326","\11,004,760,088"
19-Dec-18,3.74 ,3.94 ,3.65 ,3.74 ,"\29,745,327","\11,086,624,915"
20-Dec-18,3.73 ,4.08 ,3.59 ,3.99 ,"\30,295,369","\11,839,849,628"
21-Dec-18,3.98 ,4.00 ,3.46 ,3.50 ,"\30,694,001","\10,368,227,012"
22-Dec-18,3.50 ,3.78 ,3.48 ,3.66 ,"\26,269,221","\10,871,063,440"
23-Dec-18,3.67 ,3.72 ,3.40 ,3.41 ,"\27,929,322","\10,102,023,918"
24-Dec-18,3.41 ,3.67 ,3.34 ,3.51 ,"\36,679,320","\10,412,518,612"
25-Dec-18,3.52 ,3.52 ,3.00 ,3.00 ,"\13,306,217","\8,911,627,947"
26-Dec-18,3.01 ,3.12 ,2.94 ,2.97 ,"\10,572,613","\8,815,764,198"
27-Dec-18,2.97 ,3.06 ,2.83 ,2.83 ,"\31,684,124","\8,405,709,402"
28-Dec-18,2.84 ,3.04 ,2.68 ,2.95 ,"\36,395,681","\8,752,615,538"
29-Dec-18,2.97 ,2.97 ,2.65 ,2.68 ,"\15,187,663","\7,944,126,537"
30-Dec-18,2.67 ,3.17 ,2.63 ,2.96 ,"\7,408,313","\8,790,692,850"
31-Dec-18,2.97 ,2.99 ,2.49 ,2.73 ,"\44,786,578","\8,090,381,485"
01-Jan-19,2.56 ,2.99 ,2.55 ,2.86 ,"\54,458,677","\8,493,348,549"
02-Jan-19,2.87 ,2.91 ,2.77 ,2.89 ,"\15,840,554","\8,566,354,959"
03-Jan-19,2.89 ,2.91 ,2.73 ,2.77 ,"\6,490,888","\8,227,071,943"
04-Jan-19,2.78 ,3.29 ,2.73 ,2.82 ,"\7,806,000","\8,357,314,556"
05-Jan-19,2.81 ,2.90 ,2.70 ,2.78 ,"\2,877,982","\8,239,787,108"
06-Jan-19,2.78 ,2.78 ,2.68 ,2.77 ,"\2,404,454","\8,213,591,772"
07-Jan-19,2.77 ,2.83 ,2.75 ,2.79 ,"\2,889,610","\8,275,802,926"
08-Jan-19,2.79 ,2.86 ,2.74 ,2.77 ,"\1,907,717","\8,230,778,865"
09-Jan-19,2.77 ,2.82 ,2.73 ,2.77 ,"\3,219,249","\8,217,612,822"
10-Jan-19,2.77 ,2.92 ,2.47 ,2.48 ,"\5,310,233","\7,345,293,258"
11-Jan-19,2.47 ,2.57 ,2.42 ,2.53 ,"\1,980,288","\7,513,550,771"
12-Jan-19,2.53 ,2.61 ,2.34 ,2.46 ,"\3,611,333","\7,300,274,212"
13-Jan-19,2.46 ,2.63 ,2.32 ,2.55 ,"\1,349,182","\7,556,070,896"
14-Jan-19,2.55 ,2.62 ,2.42 ,2.53 ,"\5,510,481","\7,502,241,493"
15-Jan-19,2.53 ,2.58 ,2.24 ,2.24 ,"\17,009,307","\6,640,762,830"
16-Jan-19,2.24 ,2.49 ,2.17 ,2.48 ,"\22,541,126","\7,347,980,822"
17-Jan-19,2.48 ,2.49 ,2.40 ,2.44 ,"\10,080,448","\7,240,811,570"
18-Jan-19,2.44 ,2.44 ,2.12 ,2.23 ,"\849,797","\6,609,660,512"
19-Jan-19,2.23 ,2.97 ,2.21 ,2.63 ,"\36,432,452","\7,804,395,141"
20-Jan-19,2.63 ,2.69 ,2.42 ,2.56 ,"\6,938,460","\7,584,534,345"
21-Jan-19,2.55 ,2.73 ,2.40 ,2.66 ,"\14,880,197","\7,876,940,516"
22-Jan-19,2.64 ,2.66 ,2.39 ,2.51 ,"\6,444,479","\7,446,118,209"
23-Jan-19,2.51 ,2.56 ,2.43 ,2.47 ,"\2,301,389","\7,330,493,909"
24-Jan-19,2.47 ,2.50 ,2.44 ,2.46 ,"\2,925,173","\7,303,331,615"
25-Jan-19,2.47 ,2.48 ,2.37 ,2.38 ,"\5,052,865","\7,055,996,973"
26-Jan-19,2.38 ,2.46 ,2.37 ,2.46 ,"\7,002,093","\7,284,305,394"
27-Jan-19,2.46 ,2.48 ,2.38 ,2.47 ,"\4,520,949","\7,332,020,636"
28-Jan-19,2.58 ,2.59 ,2.12 ,2.21 ,"\7,560,637","\6,569,740,965"
29-Jan-19,2.21 ,2.31 ,2.17 ,2.17 ,"\3,585,085","\6,444,321,186"
30-Jan-19,2.17 ,2.21 ,2.04 ,2.16 ,"\3,733,854","\6,421,746,753"
31-Jan-19,2.15 ,2.20 ,1.95 ,1.97 ,"\1,341,103","\5,830,520,373"
01-Feb-19,1.97 ,2.15 ,1.92 ,2.14 ,"\5,738,450","\6,355,865,652"
02-Feb-19,2.14 ,2.39 ,2.03 ,2.38 ,"\202,699","\7,067,226,935"
03-Feb-19,2.38 ,2.39 ,2.07 ,2.08 ,"\2,708,060","\6,156,826,316"
04-Feb-19,2.08 ,2.15 ,2.04 ,2.06 ,"\1,625,140","\6,110,395,815"
05-Feb-19,2.05 ,2.35 ,2.05 ,2.20 ,"\2,116,851","\6,525,951,902"
06-Feb-19,2.20 ,2.20 ,1.76 ,2.15 ,"\4,479,310","\6,381,103,032"
07-Feb-19,2.15 ,2.17 ,2.08 ,2.08 ,"\3,149,134","\6,162,261,856"
08-Feb-19,2.08 ,2.20 ,2.00 ,2.16 ,"\9,603,628","\6,407,154,562"
09-Feb-19,2.16 ,2.19 ,2.13 ,2.19 ,"\1,274,927","\6,486,962,248"
10-Feb-19,2.19 ,2.21 ,2.14 ,2.17 ,"\2,661,214","\6,446,645,207"
11-Feb-19,2.17 ,2.25 ,2.11 ,2.22 ,"\4,331,567","\6,581,960,850"
12-Feb-19,2.22 ,2.22 ,2.08 ,2.10 ,"\3,009,931","\6,242,042,671"
13-Feb-19,2.10 ,2.23 ,2.02 ,2.03 ,"\1,611,764","\6,016,313,325"
14-Feb-19,2.03 ,2.13 ,1.99 ,2.09 ,"\1,789,592","\6,202,195,657"
15-Feb-19,2.09 ,2.11 ,2.02 ,2.05 ,"\2,520,615","\6,069,952,022"
16-Feb-19,2.05 ,2.07 ,2.03 ,2.06 ,"\2,150,035","\6,108,380,740"
17-Feb-19,2.06 ,2.16 ,2.00 ,2.11 ,"\3,333,434","\6,245,499,122"
18-Feb-19,2.10 ,2.21 ,2.08 ,2.19 ,"\6,514,776","\6,497,768,839"
19-Feb-19,2.19 ,2.44 ,2.18 ,2.36 ,"\17,970,995","\6,990,492,380"
20-Feb-19,2.36 ,2.36 ,2.09 ,2.10 ,"\679,397","\6,232,439,692"
21-Feb-19,2.10 ,2.25 ,2.09 ,2.11 ,"\2,138,950","\6,257,025,387"
22-Feb-19,2.11 ,2.24 ,2.09 ,2.20 ,"\5,886,949","\6,518,241,738"
23-Feb-19,2.20 ,2.21 ,2.12 ,2.20 ,"\6,928,052","\6,524,414,532"
24-Feb-19,2.20 ,2.27 ,2.08 ,2.10 ,"\9,156,492","\6,241,160,484"
25-Feb-19,2.10 ,2.43 ,2.10 ,2.34 ,"\13,847,407","\6,933,319,618"
26-Feb-19,2.34 ,2.35 ,2.24 ,2.27 ,"\9,263,042","\6,728,362,582"
27-Feb-19,2.27 ,2.32 ,2.22 ,2.29 ,"\4,222,054","\6,805,116,010"
28-Feb-19,2.29 ,2.64 ,2.29 ,2.49 ,"\17,191,117","\7,386,290,887"
01-Mar-19,2.23 ,2.28 ,2.12 ,2.12 ,"\7,106,104","\6,288,991,068"
02-Mar-19,2.12 ,2.16 ,2.04 ,2.05 ,"\4,462,142","\6,082,875,251"
03-Mar-19,2.05 ,2.27 ,2.03 ,2.25 ,"\606,909","\6,666,700,762"
04-Mar-19,2.24 ,2.28 ,2.13 ,2.14 ,"\4,576,006","\6,345,178,526"
05-Mar-19,2.14 ,2.31 ,2.08 ,2.31 ,"\2,276,021","\6,843,144,632"
06-Mar-19,2.29 ,2.30 ,2.20 ,2.22 ,"\572,102","\6,592,979,147"
07-Mar-19,2.22 ,2.33 ,2.08 ,2.08 ,"\4,732,712","\6,173,588,225"
08-Mar-19,2.08 ,2.15 ,1.96 ,2.10 ,"\29,911,521","\6,239,441,038"
09-Mar-19,2.10 ,2.30 ,2.10 ,2.25 ,"\7,855,529","\6,674,583,055"
10-Mar-19,2.26 ,2.30 ,2.04 ,2.05 ,"\15,632,488","\6,095,413,724"
11-Mar-19,2.06 ,2.31 ,1.94 ,2.25 ,"\5,388,594","\6,678,680,357"
12-Mar-19,2.25 ,2.50 ,2.25 ,2.42 ,"\10,409,485","\7,167,824,611"
13-Mar-19,2.42 ,2.55 ,2.40 ,2.54 ,"\4,045,747","\7,548,105,477"
14-Mar-19,2.55 ,2.62 ,2.53 ,2.54 ,"\4,668,827","\7,521,350,933"
15-Mar-19,2.53 ,2.69 ,2.53 ,2.56 ,"\2,327,776","\7,581,987,904"
16-Mar-19,2.56 ,2.75 ,2.53 ,2.66 ,"\5,726,008","\7,904,746,100"
17-Mar-19,2.66 ,2.87 ,2.58 ,2.58 ,"\2,172,440","\7,655,135,560"
18-Mar-19,2.58 ,2.99 ,2.58 ,2.98 ,"\16,504,384","\8,850,745,488"
19-Mar-19,2.98 ,3.89 ,2.83 ,3.36 ,"\74,537,665","\9,972,019,446"
20-Mar-19,3.36 ,3.55 ,3.18 ,3.22 ,"\11,203,058","\9,552,915,213"
21-Mar-19,3.22 ,3.48 ,3.13 ,3.18 ,"\4,284,741","\9,434,970,162"
22-Mar-19,3.18 ,3.47 ,3.18 ,3.41 ,"\9,151,624","\10,101,427,012"
23-Mar-19,3.41 ,3.65 ,3.36 ,3.58 ,"\18,418,060","\10,628,889,349"
24-Mar-19,3.59 ,3.66 ,3.43 ,3.43 ,"\11,855,306","\10,172,551,760"
25-Mar-19,3.43 ,3.48 ,3.29 ,3.36 ,"\3,128,361","\9,961,439,897"
26-Mar-19,3.36 ,3.37 ,3.26 ,3.31 ,"\4,467,727","\9,828,238,610"
27-Mar-19,3.31 ,3.44 ,3.28 ,3.33 ,"\7,934,657","\9,865,315,370"
28-Mar-19,3.33 ,3.64 ,3.32 ,3.64 ,"\2,229,654","\10,784,854,345"
29-Mar-19,3.64 ,3.64 ,3.28 ,3.30 ,"\3,345,427","\9,780,386,431"
30-Mar-19,3.29 ,3.73 ,3.28 ,3.30 ,"\23,854,291","\9,788,531,393"
31-Mar-19,3.30 ,3.60 ,3.29 ,3.48 ,"\8,871,307","\10,334,877,766"
01-Apr-19,3.48 ,3.60 ,3.34 ,3.58 ,"\21,320,560","\10,621,471,666"
02-Apr-19,3.58 ,3.99 ,3.49 ,3.90 ,"\35,032,717","\11,555,116,860"
03-Apr-19,3.89 ,4.11 ,3.52 ,3.54 ,"\24,320,549","\10,506,674,094"
04-Apr-19,3.54 ,3.83 ,3.53 ,3.62 ,"\2,261,483","\10,748,600,455"
05-Apr-19,3.62 ,3.95 ,3.51 ,3.95 ,"\5,498,421","\11,726,999,040"
06-Apr-19,3.95 ,4.00 ,3.77 ,3.83 ,"\1,113,708","\11,372,899,457"
07-Apr-19,3.84 ,3.97 ,3.64 ,3.97 ,"\11,441,043","\11,768,366,421"
08-Apr-19,3.97 ,4.13 ,3.64 ,3.88 ,"\11,396,680","\11,518,705,974"
09-Apr-19,3.88 ,3.93 ,3.66 ,3.74 ,"\5,045,797","\11,084,596,445"
10-Apr-19,3.74 ,3.93 ,3.64 ,3.72 ,"\7,192,348","\11,033,327,020"
11-Apr-19,3.72 ,3.76 ,3.49 ,3.67 ,"\10,640,372","\10,889,578,267"
12-Apr-19,3.67 ,3.73 ,3.56 ,3.73 ,"\4,960,192","\11,050,214,494"
13-Apr-19,3.73 ,3.99 ,3.65 ,3.75 ,"\5,962,871","\11,124,943,895"
14-Apr-19,3.75 ,5.72 ,3.67 ,4.54 ,"\172,401,145","\13,452,980,349"
15-Apr-19,4.54 ,5.42 ,4.21 ,4.54 ,"\86,248,444","\13,469,477,003"
16-Apr-19,4.54 ,4.54 ,4.22 ,4.45 ,"\14,973,938","\13,187,935,643"
17-Apr-19,4.45 ,5.00 ,4.25 ,4.94 ,"\41,820,200","\14,642,401,910"
18-Apr-19,4.93 ,5.10 ,4.33 ,4.33 ,"\45,243,118","\12,856,013,496"
19-Apr-19,4.33 ,5.01 ,4.33 ,4.88 ,"\41,742,025","\14,479,060,190"
20-Apr-19,4.88 ,5.52 ,4.88 ,5.13 ,"\55,865,939","\15,209,963,026"
21-Apr-19,5.13 ,5.14 ,4.65 ,4.83 ,"\17,366,642","\14,320,125,524"
22-Apr-19,4.83 ,5.34 ,4.77 ,4.91 ,"\24,157,545","\14,573,809,522"
23-Apr-19,4.91 ,5.22 ,4.73 ,5.18 ,"\11,054,755","\15,353,760,787"
24-Apr-19,5.18 ,5.18 ,4.32 ,4.44 ,"\21,521,096","\13,170,379,196"
25-Apr-19,4.44 ,4.69 ,4.35 ,4.37 ,"\1,726,645","\12,977,230,170"
26-Apr-19,4.38 ,4.41 ,3.65 ,3.80 ,"\31,925,799","\11,259,314,316"
27-Apr-19,3.80 ,3.97 ,3.60 ,3.75 ,"\20,100,766","\11,127,353,253"
28-Apr-19,3.75 ,3.76 ,3.65 ,3.69 ,"\4,929,344","\10,947,143,800"
29-Apr-19,3.69 ,3.80 ,3.22 ,3.39 ,"\27,859,004","\10,068,044,164"
30-Apr-19,3.39 ,3.90 ,3.35 ,3.59 ,"\10,983,648","\10,636,340,173"
01-May-19,3.59 ,3.68 ,3.58 ,3.67 ,"\1,701,815","\10,887,670,340"
02-May-19,3.67 ,3.83 ,3.62 ,3.62 ,"\3,518,967","\10,742,772,566"
03-May-19,3.62 ,3.78 ,3.36 ,3.59 ,"\23,536,810","\10,657,864,248"
04-May-19,3.59 ,3.61 ,3.34 ,3.45 ,"\1,052,549","\10,223,163,339"
05-May-19,3.45 ,3.62 ,3.41 ,3.60 ,"\8,063,807","\10,667,454,596"
06-May-19,3.60 ,3.61 ,3.25 ,3.25 ,"\12,135,604","\9,648,099,187"
07-May-19,3.25 ,3.71 ,3.24 ,3.36 ,"\10,472,981","\9,979,906,234"
08-May-19,3.37 ,3.45 ,3.08 ,3.10 ,"\14,686,107","\9,185,010,476"
09-May-19,3.10 ,3.51 ,3.09 ,3.11 ,"\11,545,142","\9,213,455,493"
10-May-19,3.11 ,3.82 ,3.07 ,3.56 ,"\14,678,313","\10,551,909,549"
11-May-19,3.56 ,3.56 ,3.16 ,3.32 ,"\22,890,531","\9,853,477,830"
12-May-19,3.32 ,3.57 ,3.11 ,3.38 ,"\29,592,326","\10,013,666,853"
13-May-19,3.38 ,3.65 ,3.32 ,3.49 ,"\18,773,547","\10,340,779,705"
14-May-19,3.48 ,3.63 ,3.33 ,3.59 ,"\21,607,432","\10,656,715,907"
15-May-19,3.59 ,3.90 ,3.45 ,3.74 ,"\23,953,005","\11,090,257,647"
16-May-19,3.74 ,4.19 ,3.60 ,3.72 ,"\26,080,560","\11,028,817,046"
17-May-19,3.72 ,3.88 ,3.23 ,3.63 ,"\27,320,696","\10,763,361,849"
18-May-19,3.63 ,3.79 ,3.45 ,3.57 ,"\6,190,918","\10,582,381,605"
19-May-19,3.57 ,3.67 ,3.29 ,3.53 ,"\4,970,428","\10,483,125,990"
20-May-19,3.53 ,3.99 ,3.41 ,3.83 ,"\22,753,340","\11,356,534,615"
21-May-19,3.83 ,3.85 ,3.26 ,3.47 ,"\18,351,127","\10,289,797,183"
22-May-19,3.47 ,4.02 ,2.83 ,3.40 ,"\503,405,467","\10,096,490,642"
23-May-19,3.41 ,3.57 ,3.03 ,3.21 ,"\17,660,480","\9,536,685,181"
24-May-19,3.22 ,3.62 ,3.19 ,3.42 ,"\21,348,306","\10,146,242,929"
25-May-19,3.42 ,3.47 ,3.18 ,3.21 ,"\6,686,506","\9,524,179,334"
26-May-19,3.21 ,3.54 ,3.16 ,3.34 ,"\4,541,486","\9,896,164,204"
27-May-19,3.34 ,3.69 ,3.16 ,3.33 ,"\10,800,266","\9,866,612,232"
28-May-19,3.32 ,3.49 ,3.13 ,3.25 ,"\12,957,826","\9,647,806,721"
29-May-19,3.25 ,3.59 ,3.22 ,3.27 ,"\16,938,615","\9,700,868,378"
30-May-19,3.27 ,3.41 ,3.18 ,3.21 ,"\21,121,410","\9,529,135,809"
31-May-19,3.21 ,3.22 ,3.01 ,3.17 ,"\4,515,122","\9,403,647,443"
01-Jun-19,3.17 ,3.35 ,3.17 ,3.28 ,"\9,487,616","\9,722,373,596"
02-Jun-19,3.28 ,3.51 ,3.21 ,3.40 ,"\9,204,804","\10,075,033,211"
03-Jun-19,3.40 ,3.75 ,3.34 ,3.35 ,"\19,346,766","\9,933,954,655"
04-Jun-19,3.35 ,3.54 ,3.22 ,3.35 ,"\9,307,701","\9,937,260,202"
05-Jun-19,3.35 ,3.51 ,3.32 ,3.39 ,"\1,301,265","\10,047,936,701"
06-Jun-19,3.39 ,3.42 ,3.23 ,3.36 ,"\3,052,553","\9,977,228,521"
07-Jun-19,3.37 ,3.44 ,3.30 ,3.35 ,"\8,641,110","\9,925,952,279"
08-Jun-19,3.34 ,3.42 ,3.24 ,3.31 ,"\15,587,254","\9,817,631,994"
09-Jun-19,3.31 ,3.31 ,3.06 ,3.12 ,"\11,925,120","\9,252,840,907"
10-Jun-19,3.12 ,3.18 ,3.08 ,3.11 ,"\2,970,596","\9,223,111,925"
11-Jun-19,3.11 ,3.15 ,3.05 ,3.11 ,"\1,806,725","\9,232,381,716"
12-Jun-19,3.11 ,3.20 ,3.04 ,3.10 ,"\5,523,085","\9,183,113,320"
13-Jun-19,3.09 ,3.26 ,3.03 ,3.26 ,"\2,478,415","\9,665,346,695"
14-Jun-19,3.26 ,3.30 ,3.12 ,3.17 ,"\4,722,727","\9,390,627,983"
15-Jun-19,3.16 ,3.33 ,3.13 ,3.13 ,"\7,766,299","\9,287,241,759"
16-Jun-19,3.13 ,3.22 ,3.08 ,3.09 ,"\3,463,633","\9,177,827,428"
17-Jun-19,3.09 ,3.25 ,3.06 ,3.20 ,"\18,740,791","\9,496,178,938"
18-Jun-19,3.20 ,3.72 ,3.06 ,3.28 ,"\37,404,536","\9,723,676,020"
19-Jun-19,3.28 ,3.32 ,3.23 ,3.25 ,"\5,420,157","\9,644,090,943"
20-Jun-19,3.25 ,3.32 ,2.93 ,3.09 ,"\34,778,777","\9,162,706,209"
21-Jun-19,3.09 ,3.28 ,3.08 ,3.17 ,"\14,435,221","\9,415,689,873"
22-Jun-19,3.17 ,3.32 ,3.14 ,3.17 ,"\9,346,377","\9,404,232,681"
23-Jun-19,3.17 ,3.23 ,3.07 ,3.08 ,"\5,661,061","\9,137,714,743"
24-Jun-19,3.08 ,3.20 ,3.01 ,3.16 ,"\5,248,229","\9,360,639,719"
25-Jun-19,3.16 ,3.29 ,3.06 ,3.15 ,"\7,394,508","\9,350,227,101"
26-Jun-19,3.15 ,3.23 ,2.90 ,3.00 ,"\19,398,896","\8,884,636,423"
27-Jun-19,3.00 ,3.16 ,2.87 ,2.93 ,"\19,698,847","\8,682,067,728"
28-Jun-19,2.93 ,3.07 ,2.72 ,3.05 ,"\5,128,024","\9,039,107,817"
29-Jun-19,3.05 ,3.32 ,2.62 ,3.04 ,"\17,996,960","\9,009,435,338"
30-Jun-19,3.04 ,3.15 ,2.71 ,2.91 ,"\18,324,323","\8,619,408,646"
01-Jul-19,2.91 ,2.95 ,2.64 ,2.92 ,"\11,773,143","\8,666,034,961"
02-Jul-19,2.92 ,2.94 ,2.65 ,2.73 ,"\5,281,146","\8,098,033,071"
03-Jul-19,2.73 ,3.39 ,2.73 ,3.05 ,"\5,832,955","\9,043,936,181"
04-Jul-19,3.05 ,3.16 ,2.85 ,2.92 ,"\6,446,993","\8,665,763,708"
05-Jul-19,2.92 ,2.93 ,2.71 ,2.78 ,"\5,148,681","\8,256,523,967"
06-Jul-19,2.78 ,3.07 ,2.67 ,2.77 ,"\7,320,992","\8,219,887,869"
07-Jul-19,2.77 ,3.18 ,2.76 ,3.04 ,"\15,991,626","\9,025,548,504"
08-Jul-19,3.04 ,3.31 ,2.87 ,2.90 ,"\64,317,003","\8,593,587,996"
09-Jul-19,2.90 ,3.17 ,2.73 ,3.07 ,"\305,542,946","\9,118,928,540"
10-Jul-19,3.07 ,3.22 ,2.82 ,2.93 ,"\5,543,711","\8,682,703,665"
11-Jul-19,2.93 ,2.93 ,2.70 ,2.74 ,"\7,765,176","\8,121,532,507"
12-Jul-19,2.74 ,2.76 ,2.59 ,2.72 ,"\8,928,230","\8,065,278,305"
13-Jul-19,2.72 ,2.73 ,2.54 ,2.56 ,"\6,291,550","\7,604,654,807"
14-Jul-19,2.56 ,2.57 ,2.07 ,2.17 ,"\46,881,725","\6,449,415,989"
15-Jul-19,2.18 ,2.58 ,2.02 ,2.22 ,"\13,412,500","\6,586,345,025"
16-Jul-19,2.22 ,2.45 ,2.04 ,2.22 ,"\5,689,408","\6,591,729,929"
17-Jul-19,2.22 ,2.35 ,2.03 ,2.25 ,"\5,999,707","\6,675,777,520"
18-Jul-19,2.25 ,2.25 ,2.03 ,2.07 ,"\2,279,524","\6,125,585,012"
19-Jul-19,2.07 ,2.33 ,2.06 ,2.15 ,"\7,333,440","\6,377,927,182"
20-Jul-19,2.15 ,2.31 ,2.15 ,2.28 ,"\3,848,707","\6,772,901,324"
21-Jul-19,2.28 ,2.66 ,2.28 ,2.43 ,"\7,804,336","\7,221,067,513"
22-Jul-19,2.43 ,2.67 ,2.31 ,2.56 ,"\4,613,024","\7,595,296,746"
23-Jul-19,2.56 ,2.79 ,2.55 ,2.63 ,"\6,801,793","\7,790,092,731"
24-Jul-19,2.63 ,2.64 ,2.30 ,2.32 ,"\1,691,475","\6,872,822,432"
25-Jul-19,2.32 ,2.49 ,2.28 ,2.38 ,"\1,478,023","\7,064,538,059"
26-Jul-19,2.38 ,2.91 ,2.31 ,2.33 ,"\3,802,940","\6,912,017,116"
27-Jul-19,2.33 ,2.51 ,2.32 ,2.48 ,"\1,551,447","\7,367,302,221"
28-Jul-19,2.49 ,2.61 ,2.43 ,2.53 ,"\1,534,613","\7,505,682,089"
29-Jul-19,2.53 ,2.62 ,2.41 ,2.59 ,"\4,035,598","\7,696,373,770"
30-Jul-19,2.60 ,2.80 ,2.41 ,2.61 ,"\5,629,836","\7,753,197,692"
31-Jul-19,2.61 ,3.10 ,2.48 ,2.75 ,"\17,720,235","\8,150,741,904"
01-Aug-19,2.75 ,2.92 ,2.75 ,2.85 ,"\10,449,596","\8,449,382,274"
02-Aug-19,2.85 ,3.07 ,2.74 ,2.89 ,"\14,707,289","\8,567,914,437"
03-Aug-19,2.89 ,3.02 ,2.74 ,2.85 ,"\7,153,632","\8,462,344,441"
04-Aug-19,2.85 ,2.90 ,2.74 ,2.87 ,"\2,084,501","\8,514,212,322"
05-Aug-19,2.87 ,2.96 ,2.71 ,2.94 ,"\5,581,074","\8,725,430,132"
06-Aug-19,2.94 ,3.15 ,2.87 ,2.87 ,"\4,298,246","\8,525,344,761"
07-Aug-19,2.87 ,3.02 ,2.83 ,2.97 ,"\893,710","\8,804,410,260"
08-Aug-19,2.97 ,3.10 ,2.73 ,2.98 ,"\5,990,859","\8,845,846,263"
09-Aug-19,2.98 ,3.28 ,2.88 ,3.10 ,"\18,961,916","\9,188,713,709"
10-Aug-19,3.10 ,3.11 ,2.97 ,2.99 ,"\1,273,864","\8,873,970,514"
11-Aug-19,2.99 ,3.39 ,2.99 ,3.38 ,"\4,748,696","\10,020,115,488"
12-Aug-19,3.38 ,3.54 ,3.26 ,3.30 ,"\2,858,927","\9,778,507,409"
13-Aug-19,3.30 ,3.53 ,3.06 ,3.24 ,"\3,673,294","\9,613,073,043"
14-Aug-19,3.24 ,3.29 ,2.81 ,2.81 ,"\2,970,088","\8,331,851,012"
15-Aug-19,2.81 ,3.08 ,2.65 ,2.89 ,"\11,699,118","\8,584,124,373"
16-Aug-19,2.89 ,3.46 ,2.72 ,2.92 ,"\17,527,355","\8,668,222,591"
17-Aug-19,2.92 ,3.26 ,2.78 ,3.04 ,"\4,296,167","\9,031,274,813"
18-Aug-19,3.04 ,3.50 ,3.02 ,3.49 ,"\6,709,799","\10,354,007,063"
19-Aug-19,3.49 ,4.14 ,3.31 ,4.02 ,"\242,708,928","\11,922,378,144"
20-Aug-19,4.02 ,4.63 ,3.91 ,4.08 ,"\163,389,534","\12,102,784,404"
21-Aug-19,4.08 ,4.16 ,3.88 ,4.03 ,"\27,344,167","\11,945,894,833"
22-Aug-19,4.03 ,4.50 ,4.02 ,4.40 ,"\68,186,519","\13,061,517,988"
23-Aug-19,4.40 ,4.61 ,4.28 ,4.53 ,"\181,330,950","\13,425,504,965"
24-Aug-19,4.53 ,4.88 ,4.39 ,4.69 ,"\58,396,623","\13,911,095,049"
25-Aug-19,4.69 ,4.84 ,4.59 ,4.75 ,"\45,877,864","\14,101,245,878"
26-Aug-19,4.75 ,4.76 ,4.51 ,4.59 ,"\15,539,308","\13,609,062,453"
27-Aug-19,4.60 ,4.60 ,4.33 ,4.47 ,"\13,892,650","\13,255,087,509"
28-Aug-19,4.47 ,4.58 ,4.12 ,4.15 ,"\19,643,188","\12,300,577,435"
29-Aug-19,4.15 ,4.30 ,3.81 ,4.07 ,"\13,185,663","\12,066,738,545"
30-Aug-19,4.07 ,4.11 ,3.90 ,4.04 ,"\5,688,513","\11,988,593,109"
31-Aug-19,4.04 ,4.25 ,3.91 ,4.00 ,"\16,759,085","\11,853,215,054"
01-Sep-19,4.00 ,4.01 ,3.86 ,3.89 ,"\3,298,882","\11,544,867,917"
02-Sep-19,3.89 ,4.04 ,3.88 ,4.03 ,"\2,384,922","\11,962,935,756"
03-Sep-19,4.03 ,4.06 ,3.87 ,4.04 ,"\10,765,794","\11,994,736,569"
04-Sep-19,4.04 ,4.07 ,3.84 ,3.84 ,"\16,205,699","\11,383,328,235"
05-Sep-19,3.84 ,3.96 ,3.83 ,3.96 ,"\10,453,990","\11,737,795,474"
06-Sep-19,3.96 ,4.04 ,3.88 ,4.04 ,"\3,419,081","\11,995,163,325"
07-Sep-19,4.05 ,4.21 ,3.95 ,4.11 ,"\6,571,912","\12,195,544,162"
08-Sep-19,4.11 ,4.48 ,3.96 ,3.97 ,"\8,247,295","\11,763,027,943"
09-Sep-19,3.97 ,4.10 ,3.81 ,3.83 ,"\13,138,614","\11,363,780,581"
10-Sep-19,3.83 ,3.89 ,3.74 ,3.80 ,"\12,481,052","\11,273,693,251"
11-Sep-19,3.80 ,3.90 ,3.79 ,3.86 ,"\5,249,321","\11,454,294,032"
12-Sep-19,3.86 ,3.87 ,3.67 ,3.84 ,"\9,349,633","\11,388,551,560"
13-Sep-19,3.84 ,3.90 ,3.83 ,3.85 ,"\4,343,104","\11,428,760,905"
14-Sep-19,3.84 ,3.86 ,3.80 ,3.81 ,"\3,345,192","\11,315,397,443"
15-Sep-19,3.81 ,3.85 ,3.79 ,3.84 ,"\6,542,641","\11,404,229,064"
16-Sep-19,3.84 ,3.89 ,3.69 ,3.79 ,"\4,098,633","\11,232,943,161"
17-Sep-19,3.79 ,3.83 ,3.68 ,3.82 ,"\4,811,465","\11,332,498,675"
18-Sep-19,3.82 ,3.84 ,3.70 ,3.78 ,"\4,778,125","\11,211,958,198"
19-Sep-19,3.78 ,3.78 ,3.70 ,3.78 ,"\7,328,518","\11,220,699,143"
20-Sep-19,3.78 ,3.87 ,3.76 ,3.83 ,"\4,625,104","\11,373,542,260"
21-Sep-19,3.83 ,3.92 ,3.78 ,3.79 ,"\6,314,093","\11,231,195,761"
22-Sep-19,3.79 ,3.82 ,3.63 ,3.78 ,"\8,730,270","\11,203,505,141"
23-Sep-19,3.78 ,3.79 ,3.60 ,3.60 ,"\7,005,520","\10,678,647,976"
24-Sep-19,3.60 ,3.72 ,3.49 ,3.56 ,"\19,104,196","\10,556,906,814"
25-Sep-19,3.56 ,3.56 ,2.72 ,3.41 ,"\21,973,216","\10,123,496,266"
26-Sep-19,3.41 ,3.44 ,3.13 ,3.33 ,"\4,009,048","\9,884,724,589"
27-Sep-19,3.33 ,3.73 ,3.04 ,3.35 ,"\5,805,162","\9,936,222,483"
28-Sep-19,3.35 ,3.75 ,3.23 ,3.37 ,"\5,253,988","\9,999,694,728"
29-Sep-19,3.37 ,3.67 ,3.34 ,3.54 ,"\5,546,239","\10,492,220,353"
30-Sep-19,3.54 ,3.76 ,3.20 ,3.44 ,"\4,650,658","\10,205,965,533"
01-Oct-19,3.44 ,3.50 ,3.44 ,3.50 ,"\652,382","\10,369,334,590"
02-Oct-19,3.50 ,3.66 ,3.32 ,3.61 ,"\371,027","\10,716,506,650"
03-Oct-19,3.61 ,3.65 ,3.43 ,3.58 ,"\1,386,876","\10,604,825,767"
04-Oct-19,3.57 ,3.83 ,3.57 ,3.82 ,"\3,400,112","\11,338,109,343"
05-Oct-19,3.82 ,3.82 ,3.60 ,3.66 ,"\7,613,244","\10,846,757,848"
06-Oct-19,3.66 ,3.80 ,3.66 ,3.77 ,"\4,643,552","\11,195,666,604"
07-Oct-19,3.78 ,4.42 ,3.76 ,4.04 ,"\75,235,809","\11,972,566,601"
08-Oct-19,4.04 ,8.21 ,4.03 ,5.93 ,"\191,027,418","\17,589,679,552"
09-Oct-19,5.93 ,6.54 ,4.94 ,4.94 ,"\26,855,763","\14,657,085,804"
10-Oct-19,4.94 ,5.22 ,4.22 ,4.82 ,"\26,234,375","\14,296,695,400"
11-Oct-19,4.82 ,5.41 ,4.31 ,4.83 ,"\20,291,766","\14,317,545,794"
12-Oct-19,4.83 ,4.90 ,3.63 ,3.82 ,"\2,357,211","\11,321,259,385"
13-Oct-19,3.82 ,4.11 ,3.13 ,3.13 ,"\11,073,660","\9,297,655,615"
14-Oct-19,3.13 ,4.55 ,2.98 ,4.38 ,"\12,564,542","\12,996,047,130"
15-Oct-19,4.40 ,5.19 ,4.28 ,4.34 ,"\18,719,893","\12,874,908,793"
16-Oct-19,4.33 ,4.33 ,3.44 ,3.59 ,"\13,020,338","\10,656,505,900"
17-Oct-19,3.59 ,5.67 ,3.59 ,5.57 ,"\7,460,463","\16,522,984,360"
18-Oct-19,5.57 ,5.75 ,5.26 ,5.38 ,"\3,918,051","\15,971,676,467"
19-Oct-19,5.38 ,5.73 ,5.38 ,5.49 ,"\2,174,801","\16,282,986,022"
20-Oct-19,5.49 ,5.60 ,5.30 ,5.42 ,"\982,510","\16,075,367,971"
21-Oct-19,5.42 ,5.49 ,5.34 ,5.35 ,"\2,402,223","\12,603,300,918"
22-Oct-19,5.35 ,5.35 ,5.05 ,5.06 ,"\6,329,025","\11,928,489,594"
23-Oct-19,5.06 ,5.11 ,4.41 ,4.42 ,"\12,255,004","\10,430,431,088"
24-Oct-19,4.42 ,4.63 ,4.31 ,4.63 ,"\2,040,210","\10,917,605,825"
25-Oct-19,4.63 ,5.95 ,4.37 ,4.61 ,"\22,213,363","\10,880,170,765"
26-Oct-19,4.61 ,5.37 ,4.57 ,4.65 ,"\8,273,982","\10,981,016,134"
27-Oct-19,4.66 ,4.82 ,4.57 ,4.79 ,"\7,019,856","\11,296,579,614"
28-Oct-19,4.79 ,5.15 ,4.55 ,4.95 ,"\19,086,990","\11,692,088,058"
29-Oct-19,4.95 ,5.27 ,4.58 ,5.26 ,"\12,335,927","\12,415,621,663"
30-Oct-19,5.26 ,5.26 ,4.85 ,5.11 ,"\16,759,770","\12,084,057,793"
31-Oct-19,5.11 ,5.15 ,4.86 ,5.02 ,"\2,656,257","\11,872,444,416"
01-Nov-19,5.02 ,5.16 ,4.91 ,5.06 ,"\3,797,114","\11,962,136,427"
02-Nov-19,5.06 ,5.24 ,4.95 ,4.99 ,"\648,804","\11,810,768,912"
03-Nov-19,4.99 ,5.16 ,4.91 ,5.03 ,"\581,337","\11,906,764,337"
04-Nov-19,5.03 ,5.42 ,5.03 ,5.23 ,"\6,909,089","\12,379,625,280"
05-Nov-19,5.23 ,5.26 ,4.94 ,5.26 ,"\4,887,783","\12,455,500,116"
06-Nov-19,5.26 ,5.26 ,4.95 ,4.97 ,"\3,868,036","\11,765,599,407"
07-Nov-19,4.97 ,5.06 ,4.83 ,4.86 ,"\5,270,762","\11,515,143,243"
08-Nov-19,4.86 ,5.07 ,4.70 ,4.82 ,"\5,902,036","\11,415,081,918"
09-Nov-19,4.82 ,4.98 ,4.63 ,4.74 ,"\1,475,088","\11,238,477,663"
10-Nov-19,4.74 ,5.06 ,4.74 ,5.05 ,"\10,015,793","\11,964,428,853"
11-Nov-19,5.05 ,5.07 ,4.84 ,5.01 ,"\3,709,145","\11,892,882,114"
12-Nov-19,5.01 ,5.03 ,4.80 ,4.88 ,"\2,608,899","\11,556,362,769"
13-Nov-19,4.88 ,4.97 ,4.79 ,4.85 ,"\3,659,712","\11,502,506,883"
14-Nov-19,4.85 ,5.55 ,4.84 ,4.86 ,"\12,249,961","\11,543,577,351"
15-Nov-19,4.86 ,4.94 ,4.69 ,4.73 ,"\5,627,183","\11,226,460,670"
16-Nov-19,4.73 ,4.90 ,4.72 ,4.80 ,"\7,359,011","\11,407,118,479"
17-Nov-19,4.80 ,4.95 ,4.80 ,4.94 ,"\3,193,641","\11,742,649,915"
18-Nov-19,4.94 ,5.06 ,4.80 ,4.93 ,"\8,731,643","\11,718,413,951"
19-Nov-19,4.93 ,4.96 ,4.68 ,4.68 ,"\6,152,484","\11,130,416,443"
20-Nov-19,4.68 ,4.87 ,4.67 ,4.79 ,"\1,620,161","\11,400,508,066"
21-Nov-19,4.79 ,4.95 ,4.56 ,4.57 ,"\3,541,883","\10,867,892,698"
22-Nov-19,4.57 ,4.90 ,4.09 ,4.37 ,"\5,143,183","\10,400,295,910"
23-Nov-19,4.37 ,4.37 ,3.99 ,4.08 ,"\2,410,647","\9,710,421,405"
24-Nov-19,4.08 ,4.28 ,3.99 ,4.21 ,"\1,149,304","\10,038,228,178"
25-Nov-19,4.21 ,4.66 ,3.63 ,4.66 ,"\3,450,975","\11,101,714,713"
26-Nov-19,4.66 ,4.66 ,3.64 ,3.85 ,"\7,686,041","\9,166,594,809"
27-Nov-19,3.84 ,4.46 ,3.65 ,4.45 ,"\10,707,882","\10,620,413,495"
28-Nov-19,4.45 ,4.53 ,3.85 ,4.32 ,"\1,740,181","\10,313,255,698"
29-Nov-19,4.32 ,4.69 ,4.15 ,4.43 ,"\9,618,079","\10,549,273,887"
30-Nov-19,4.42 ,5.68 ,4.15 ,4.26 ,"\8,371,557","\10,144,417,729"
01-Dec-19,4.26 ,4.29 ,3.88 ,4.11 ,"\4,355,098","\9,804,747,026"
02-Dec-19,4.11 ,4.37 ,3.83 ,4.02 ,"\1,349,238","\9,611,391,490"
03-Dec-19,4.02 ,4.04 ,3.09 ,3.33 ,"\5,942,221","\7,958,746,940"
04-Dec-19,3.33 ,3.95 ,3.32 ,3.76 ,"\5,411,753","\8,979,052,574"
05-Dec-19,3.76 ,3.97 ,3.62 ,3.78 ,"\2,596,600","\9,041,691,765"
06-Dec-19,3.78 ,3.98 ,3.58 ,3.95 ,"\1,727,673","\9,444,471,982"
07-Dec-19,3.95 ,3.95 ,3.60 ,3.66 ,"\1,252,363","\8,749,304,325"
08-Dec-19,3.66 ,4.14 ,3.66 ,4.14 ,"\238,287","\9,915,626,332"
09-Dec-19,4.14 ,4.56 ,3.90 ,4.30 ,"\2,052,231","\10,289,790,018"
10-Dec-19,4.30 ,4.30 ,3.39 ,3.66 ,"\8,301,600","\8,765,599,504"
11-Dec-19,3.83 ,3.95 ,3.77 ,3.88 ,"\2,696,549","\9,287,144,761"
12-Dec-19,3.88 ,4.02 ,3.57 ,3.97 ,"\1,928,445","\9,506,680,510"
13-Dec-19,3.97 ,3.98 ,3.59 ,3.98 ,"\1,410,295","\9,541,359,492"
14-Dec-19,3.98 ,4.10 ,3.84 ,4.10 ,"\1,166,236","\9,823,882,707"
15-Dec-19,4.10 ,4.26 ,3.44 ,3.60 ,"\1,049,630","\8,644,677,089"
16-Dec-19,3.60 ,3.96 ,3.55 ,3.83 ,"\311,063","\9,182,509,336"
17-Dec-19,3.83 ,3.83 ,3.52 ,3.56 ,"\1,930,286","\8,537,038,741"
18-Dec-19,3.56 ,3.92 ,3.05 ,3.34 ,"\7,335,415","\8,014,849,585"
19-Dec-19,3.34 ,3.71 ,3.32 ,3.52 ,"\445,314","\8,448,825,453"
20-Dec-19,3.52 ,3.57 ,3.27 ,3.45 ,"\604,947","\8,279,567,404"
21-Dec-19,3.45 ,3.73 ,3.31 ,3.73 ,"\148,404","\8,971,039,002"
22-Dec-19,3.73 ,3.73 ,3.41 ,3.41 ,\408,"\8,208,442,203"
23-Dec-19,3.41 ,3.73 ,3.41 ,3.66 ,"\318,253","\8,806,864,716"
24-Dec-19,3.66 ,3.68 ,3.41 ,3.65 ,"\973,951","\8,785,960,857"
25-Dec-19,3.65 ,3.65 ,3.12 ,3.27 ,"\640,448","\7,882,424,165"
26-Dec-19,3.27 ,3.61 ,3.13 ,3.60 ,"\892,404","\8,660,713,430"
27-Dec-19,3.60 ,3.60 ,3.30 ,3.51 ,"\829,081","\8,452,185,586"
28-Dec-19,3.51 ,3.53 ,3.29 ,3.29 ,"\4,140,951","\7,926,188,808"
29-Dec-19,3.29 ,3.61 ,3.19 ,3.46 ,"\1,303,062","\8,331,325,347"
30-Dec-19,3.46 ,3.49 ,3.25 ,3.41 ,"\885,713","\8,232,552,704"
31-Dec-19,3.41 ,3.42 ,3.18 ,3.18 ,"\374,494","\7,669,583,232"
01-Jan-20,3.18 ,3.46 ,3.14 ,3.46 ,"\37,315","\8,335,887,318"
02-Jan-20,3.46 ,3.70 ,3.38 ,3.61 ,"\1,479,032","\8,721,506,167"
03-Jan-20,3.61 ,3.62 ,3.21 ,3.23 ,"\1,038,980","\7,805,375,565"
04-Jan-20,3.23 ,3.30 ,3.09 ,3.14 ,"\1,482,830","\7,588,214,048"
05-Jan-20,3.14 ,3.56 ,3.14 ,3.56 ,"\137,398","\8,597,300,710"
06-Jan-20,3.56 ,3.63 ,3.40 ,3.40 ,"\828,664","\8,219,651,892"
07-Jan-20,3.40 ,3.63 ,3.25 ,3.63 ,"\382,905","\8,786,079,002"
08-Jan-20,3.63 ,3.63 ,3.14 ,3.37 ,"\431,792","\8,142,959,732"
09-Jan-20,3.37 ,3.48 ,3.27 ,3.42 ,"\1,124,266","\8,265,195,314"
10-Jan-20,3.42 ,3.50 ,2.97 ,2.98 ,"\754,947","\7,219,978,118"
11-Jan-20,2.99 ,3.29 ,2.98 ,3.11 ,"\4,351,935","\7,520,285,071"
12-Jan-20,3.11 ,3.49 ,3.10 ,3.31 ,"\447,041","\8,012,568,722"
13-Jan-20,3.31 ,3.67 ,3.07 ,3.51 ,"\511,438","\8,498,529,011"
14-Jan-20,3.51 ,3.52 ,2.96 ,3.24 ,"\3,367,572","\7,848,922,545"
15-Jan-20,3.24 ,3.78 ,2.94 ,3.47 ,"\1,535,670","\8,420,145,988"
16-Jan-20,3.47 ,3.73 ,3.47 ,3.70 ,"\287,600","\8,981,120,947"
17-Jan-20,3.70 ,3.86 ,3.24 ,3.67 ,"\4,499,537","\8,913,214,482"
18-Jan-20,3.67 ,3.84 ,3.21 ,3.31 ,"\1,994,903","\8,025,528,716"
19-Jan-20,3.31 ,3.80 ,3.00 ,3.77 ,"\2,228,932","\9,150,476,724"
20-Jan-20,3.77 ,3.86 ,3.46 ,3.47 ,"\1,499,922","\8,429,920,649"
21-Jan-20,3.47 ,4.05 ,3.47 ,3.97 ,"\11,604,900","\9,648,067,582"
22-Jan-20,3.97 ,3.98 ,3.01 ,3.27 ,"\1,336,947","\7,938,720,156"
23-Jan-20,3.27 ,4.04 ,3.10 ,4.04 ,"\357,150","\9,827,559,939"
24-Jan-20,4.04 ,4.04 ,3.37 ,3.51 ,"\503,119","\8,535,271,101"
25-Jan-20,3.51 ,3.99 ,3.16 ,3.69 ,"\4,574,073","\8,976,265,350"
26-Jan-20,3.69 ,4.10 ,3.35 ,3.39 ,"\492,413","\8,244,169,845"
27-Jan-20,3.39 ,3.80 ,3.10 ,3.65 ,"\233,540","\8,877,089,453"
28-Jan-20,3.65 ,3.77 ,3.06 ,3.12 ,"\4,047,182","\7,584,456,467"
29-Jan-20,3.12 ,3.68 ,2.77 ,2.77 ,"\886,194","\6,756,041,918"
30-Jan-20,2.77 ,4.29 ,2.77 ,4.28 ,"\152,335,662","\10,415,842,616"
31-Jan-20,4.28 ,4.39 ,4.03 ,4.16 ,"\302,272,827","\10,150,380,075"
01-Feb-20,4.16 ,4.34 ,4.16 ,4.31 ,"\420,579,663","\10,500,151,409"
02-Feb-20,4.31 ,4.41 ,4.19 ,4.37 ,"\276,012,014","\10,653,458,869"
03-Feb-20,4.37 ,4.48 ,4.34 ,4.41 ,"\344,117,796","\10,752,572,586"
04-Feb-20,4.41 ,4.70 ,4.33 ,4.70 ,"\764,505,728","\11,478,514,820"
05-Feb-20,4.70 ,4.90 ,4.49 ,4.69 ,"\636,315,430","\11,438,590,165"
06-Feb-20,4.69 ,4.82 ,4.61 ,4.72 ,"\453,359,307","\11,536,487,742"
07-Feb-20,4.72 ,4.81 ,4.67 ,4.76 ,"\231,423,069","\11,619,094,366"
08-Feb-20,4.76 ,4.77 ,4.47 ,4.68 ,"\299,674,731","\11,441,625,880"
09-Feb-20,4.68 ,4.73 ,4.58 ,4.60 ,"\293,404,615","\11,251,103,785"
10-Feb-20,4.60 ,4.84 ,4.42 ,4.60 ,"\507,363,358","\11,238,232,489"
11-Feb-20,4.60 ,4.75 ,4.45 ,4.69 ,"\387,217,602","\11,464,369,348"
12-Feb-20,4.69 ,5.33 ,4.68 ,5.20 ,"\1,887,389,217","\12,735,856,128"
13-Feb-20,5.20 ,8.01 ,4.53 ,6.27 ,"\24,403,448,301","\15,340,447,998"
14-Feb-20,6.22 ,6.66 ,5.34 ,5.65 ,"\4,833,489,842","\13,838,257,255"
15-Feb-20,5.65 ,5.92 ,4.92 ,5.14 ,"\3,654,835,355","\12,580,066,891"
16-Feb-20,5.14 ,5.61 ,4.55 ,4.95 ,"\2,843,311,888","\12,118,087,360"
17-Feb-20,4.95 ,5.15 ,4.46 ,5.05 ,"\1,207,328,198","\12,384,626,606"
18-Feb-20,5.05 ,5.47 ,4.80 ,5.36 ,"\2,612,298,468","\13,145,902,863"
19-Feb-20,5.36 ,5.54 ,4.87 ,4.87 ,"\1,196,605,162","\11,942,750,464"
20-Feb-20,4.87 ,5.01 ,4.38 ,4.60 ,"\911,980,692","\11,276,167,699"
21-Feb-20,4.60 ,4.67 ,4.22 ,4.39 ,"\442,649,227","\10,775,905,580"
22-Feb-20,4.39 ,4.45 ,4.07 ,4.31 ,"\409,940,312","\10,579,043,818"
23-Feb-20,4.31 ,4.76 ,4.29 ,4.60 ,"\2,758,110,176","\11,288,407,571"
24-Feb-20,4.60 ,4.61 ,4.25 ,4.33 ,"\378,437,940","\10,636,044,858"
25-Feb-20,4.33 ,4.37 ,4.00 ,4.09 ,"\317,907,075","\10,052,037,321"
26-Feb-20,4.09 ,4.09 ,3.55 ,3.65 ,"\443,517,209","\8,980,013,117"
27-Feb-20,3.65 ,4.06 ,3.47 ,3.84 ,"\518,710,622","\9,445,126,273"
28-Feb-20,3.84 ,4.06 ,3.66 ,3.96 ,"\710,197,295","\9,746,032,007"
29-Feb-20,3.96 ,4.08 ,3.88 ,3.96 ,"\326,831,502","\9,753,110,897"
01-Mar-20,3.96 ,4.05 ,3.87 ,3.95 ,"\128,346,338","\9,735,894,152"
02-Mar-20,3.95 ,4.23 ,3.92 ,4.11 ,"\338,854,487","\10,130,478,766"
03-Mar-20,4.10 ,4.13 ,3.99 ,4.07 ,"\144,667,164","\10,039,188,810"
04-Mar-20,4.06 ,4.12 ,3.76 ,3.91 ,"\243,905,306","\9,636,938,299"
05-Mar-20,3.91 ,4.07 ,3.87 ,4.00 ,"\216,299,558","\9,871,537,140"
06-Mar-20,4.00 ,4.04 ,3.90 ,4.01 ,"\194,156,551","\9,897,797,370"
07-Mar-20,3.99 ,4.00 ,3.84 ,3.88 ,"\144,369,439","\9,566,130,673"
08-Mar-20,3.88 ,3.90 ,3.52 ,3.56 ,"\240,707,537","\8,795,184,510"
09-Mar-20,3.57 ,3.73 ,3.39 ,3.52 ,"\253,816,188","\8,695,009,513"
10-Mar-20,3.52 ,3.83 ,3.52 ,3.74 ,"\294,276,471","\9,232,642,389"
11-Mar-20,3.74 ,3.76 ,3.45 ,3.53 ,"\168,520,174","\8,719,323,042"
12-Mar-20,3.56 ,3.57 ,1.98 ,2.02 ,"\403,987,158","\4,986,415,909"
13-Mar-20,2.02 ,2.49 ,1.83 ,2.49 ,"\220,969,082","\6,160,003,072"
14-Mar-20,2.49 ,3.02 ,2.32 ,2.76 ,"\593,315,082","\6,823,416,430"
15-Mar-20,2.76 ,2.97 ,2.67 ,2.84 ,"\243,226,334","\7,015,526,931"
16-Mar-20,2.84 ,2.85 ,2.26 ,2.44 ,"\207,992,424","\6,048,415,314"
17-Mar-20,2.44 ,2.85 ,2.38 ,2.78 ,"\760,684,615","\6,885,293,749"
18-Mar-20,2.79 ,2.79 ,2.41 ,2.63 ,"\117,901,227","\6,524,856,180"
19-Mar-20,2.63 ,3.32 ,2.57 ,3.00 ,"\2,683,135,859","\7,433,146,365"
20-Mar-20,3.00 ,3.18 ,2.83 ,2.88 ,"\663,551,931","\7,139,115,295"
21-Mar-20,2.88 ,3.33 ,2.86 ,3.13 ,"\1,421,331,208","\7,766,569,624"
22-Mar-20,3.13 ,3.38 ,2.87 ,2.93 ,"\1,036,813,117","\7,258,879,004"
23-Mar-20,2.93 ,3.06 ,2.76 ,3.00 ,"\356,288,213","\7,441,457,641"
24-Mar-20,3.00 ,3.09 ,2.84 ,3.08 ,"\358,528,207","\7,640,002,745"
25-Mar-20,3.08 ,3.08 ,2.90 ,3.00 ,"\141,339,479","\7,453,178,936"
26-Mar-20,3.00 ,3.12 ,2.94 ,3.03 ,"\286,395,231","\7,516,185,836"
27-Mar-20,3.03 ,3.31 ,2.89 ,2.89 ,"\703,988,933","\7,174,727,414"
28-Mar-20,2.89 ,2.94 ,2.62 ,2.80 ,"\383,834,091","\6,966,052,642"
29-Mar-20,2.80 ,2.85 ,2.66 ,2.71 ,"\90,512,353","\6,740,451,853"
30-Mar-20,2.71 ,2.81 ,2.67 ,2.80 ,"\140,606,757","\6,964,296,329"
31-Mar-20,2.80 ,2.84 ,2.69 ,2.78 ,"\158,299,277","\6,928,429,818"
01-Apr-20,2.78 ,2.79 ,2.65 ,2.73 ,"\109,299,904","\6,783,776,242"
02-Apr-20,2.74 ,2.83 ,2.70 ,2.81 ,"\134,798,134","\6,991,532,555"
03-Apr-20,2.81 ,3.33 ,2.78 ,2.93 ,"\2,880,118,244","\7,302,867,584"
04-Apr-20,2.93 ,2.96 ,2.86 ,2.91 ,"\156,557,373","\7,257,735,356"
05-Apr-20,2.92 ,2.94 ,2.85 ,2.88 ,"\111,694,036","\7,171,533,960"
06-Apr-20,2.88 ,3.05 ,2.85 ,3.05 ,"\305,791,568","\7,614,393,498"
07-Apr-20,3.05 ,3.08 ,2.94 ,2.97 ,"\293,938,261","\7,418,205,862"
08-Apr-20,2.97 ,3.07 ,2.95 ,3.02 ,"\157,477,523","\7,535,574,853"
09-Apr-20,3.02 ,3.09 ,2.98 ,3.06 ,"\164,432,727","\7,639,784,156"
10-Apr-20,3.06 ,3.07 ,2.77 ,2.82 ,"\191,455,563","\7,047,577,203"
11-Apr-20,2.82 ,2.87 ,2.80 ,2.83 ,"\82,728,027","\7,075,657,942"
12-Apr-20,2.83 ,2.89 ,2.81 ,2.85 ,"\72,191,398","\7,122,697,880"
13-Apr-20,2.85 ,2.85 ,2.77 ,2.82 ,"\80,809,199","\7,041,168,017"
14-Apr-20,2.82 ,2.90 ,2.81 ,2.87 ,"\161,636,585","\7,174,803,396"
15-Apr-20,2.87 ,2.96 ,2.85 ,2.85 ,"\74,550,039","\7,135,858,469"
16-Apr-20,2.86 ,2.98 ,2.80 ,2.96 ,"\173,909,367","\7,406,914,682"
17-Apr-20,2.96 ,2.98 ,2.89 ,2.94 ,"\128,187,652","\7,368,205,425"
18-Apr-20,2.94 ,3.04 ,2.90 ,3.03 ,"\174,877,666","\7,576,960,207"
19-Apr-20,3.03 ,3.03 ,2.93 ,2.97 ,"\59,377,168","\7,442,176,209"
20-Apr-20,2.97 ,3.01 ,2.84 ,2.87 ,"\272,248,793","\7,188,254,739"
21-Apr-20,2.87 ,2.96 ,2.75 ,2.83 ,"\204,386,775","\7,091,769,160"
22-Apr-20,2.83 ,2.89 ,2.76 ,2.86 ,"\179,799,289","\7,156,280,027"
23-Apr-20,2.86 ,3.04 ,2.84 ,2.96 ,"\711,922,763","\7,408,471,253"
24-Apr-20,2.96 ,3.01 ,2.95 ,3.00 ,"\136,692,169","\7,530,657,943"
25-Apr-20,2.99 ,3.14 ,2.99 ,3.08 ,"\368,428,151","\7,718,524,353"
26-Apr-20,3.08 ,3.11 ,2.97 ,3.10 ,"\244,726,487","\7,789,313,957"
27-Apr-20,3.10 ,3.35 ,3.08 ,3.23 ,"\1,022,683,517","\8,075,194,475"
28-Apr-20,3.23 ,3.39 ,3.21 ,3.31 ,"\565,488,152","\8,287,331,444"
29-Apr-20,3.32 ,3.42 ,3.20 ,3.37 ,"\753,005,292","\8,456,578,892"
30-Apr-20,3.36 ,3.50 ,3.18 ,3.25 ,"\378,677,721","\8,174,249,445"
01-May-20,3.25 ,3.40 ,3.23 ,3.33 ,"\420,212,515","\8,375,421,255"
02-May-20,3.33 ,3.37 ,3.21 ,3.35 ,"\162,181,730","\8,376,608,770"
03-May-20,3.35 ,3.35 ,3.19 ,3.25 ,"\380,580,146","\8,128,256,272"
04-May-20,3.25 ,3.26 ,3.09 ,3.20 ,"\146,187,261","\8,043,279,921"
05-May-20,3.20 ,3.28 ,3.16 ,3.25 ,"\360,871,063","\8,121,834,347"
06-May-20,3.25 ,3.28 ,3.15 ,3.17 ,"\163,709,871","\7,991,234,135"
07-May-20,3.17 ,3.47 ,3.09 ,3.47 ,"\942,549,025","\8,749,464,756"
08-May-20,3.47 ,3.50 ,3.26 ,3.41 ,"\457,005,619","\8,588,359,308"
09-May-20,3.41 ,3.43 ,3.29 ,3.30 ,"\191,249,776","\8,328,749,316"
10-May-20,3.31 ,3.33 ,2.99 ,3.10 ,"\293,139,995","\7,753,716,356"
11-May-20,3.10 ,3.15 ,2.90 ,3.02 ,"\172,380,982","\7,550,952,888"
12-May-20,3.02 ,3.08 ,2.94 ,3.06 ,"\90,587,360","\7,647,224,729"
13-May-20,3.06 ,3.11 ,3.02 ,3.09 ,"\130,965,095","\7,801,826,742"
14-May-20,3.09 ,3.13 ,3.02 ,3.11 ,"\84,046,246","\7,857,826,204"
15-May-20,3.11 ,3.35 ,3.05 ,3.19 ,"\1,760,987,063","\8,056,967,773"
16-May-20,3.19 ,3.33 ,3.19 ,3.24 ,"\279,648,944","\8,116,575,277"
17-May-20,3.24 ,3.40 ,3.23 ,3.35 ,"\371,190,735","\8,374,770,634"
18-May-20,3.35 ,6.80 ,3.35 ,6.60 ,"\78,883,908,438","\16,520,870,622"
19-May-20,6.63 ,8.00 ,5.41 ,5.83 ,"\32,940,514,257","\14,746,088,367"
20-May-20,5.83 ,6.32 ,4.68 ,5.06 ,"\15,328,933,244","\12,814,430,852"
21-May-20,5.06 ,5.25 ,4.11 ,4.49 ,"\6,481,911,999","\11,364,932,949"
22-May-20,4.49 ,4.75 ,4.14 ,4.37 ,"\3,430,054,741","\11,078,475,146"
23-May-20,4.37 ,4.45 ,4.11 ,4.21 ,"\1,189,604,758","\10,535,716,119"
24-May-20,4.20 ,4.43 ,4.04 ,4.05 ,"\1,970,555,049","\10,144,884,885"
25-May-20,4.05 ,6.71 ,4.04 ,6.43 ,"\41,395,632,616","\16,317,936,540"
26-May-20,6.43 ,6.43 ,4.78 ,4.99 ,"\15,128,492,627","\12,667,767,204"
27-May-20,4.99 ,5.32 ,4.56 ,4.72 ,"\6,285,988,290","\11,973,981,048"
28-May-20,4.72 ,4.78 ,4.59 ,4.75 ,"\1,131,199,612","\12,046,464,194"
29-May-20,4.75 ,5.05 ,4.61 ,4.93 ,"\2,151,237,860","\12,526,156,913"
30-May-20,4.93 ,5.06 ,4.87 ,4.96 ,"\1,207,956,789","\12,399,518,293"
31-May-20,4.96 ,5.00 ,4.79 ,4.79 ,"\1,579,315,570","\12,171,337,898"
01-Jun-20,4.79 ,5.00 ,4.79 ,4.97 ,"\1,241,003,322","\12,434,449,691"
02-Jun-20,4.97 ,5.09 ,4.68 ,4.86 ,"\2,140,758,739","\12,366,317,623"
03-Jun-20,4.86 ,5.05 ,4.82 ,5.04 ,"\2,185,238,455","\12,813,833,239"
04-Jun-20,5.04 ,5.29 ,4.92 ,5.13 ,"\2,656,826,669","\13,043,018,792"
05-Jun-20,5.13 ,5.14 ,4.96 ,5.04 ,"\1,124,552,138","\12,839,638,848"
06-Jun-20,5.04 ,5.09 ,4.98 ,5.06 ,"\613,635,962","\12,876,823,443"
07-Jun-20,5.06 ,5.23 ,4.94 ,5.12 ,"\1,366,149,741","\12,813,186,147"
08-Jun-20,5.12 ,5.20 ,4.99 ,5.09 ,"\777,785,919","\12,975,390,869"
09-Jun-20,5.09 ,5.11 ,4.97 ,5.01 ,"\643,866,928","\12,533,061,906"
10-Jun-20,5.01 ,5.06 ,4.89 ,5.01 ,"\856,774,663","\12,774,232,667"
11-Jun-20,5.01 ,5.02 ,4.32 ,4.36 ,"\840,168,063","\10,913,949,294"
12-Jun-20,4.39 ,4.72 ,4.34 ,4.72 ,"\816,784,850","\12,044,659,510"
13-Jun-20,4.72 ,4.78 ,4.65 ,4.76 ,"\351,049,763","\11,912,785,671"
14-Jun-20,4.79 ,4.85 ,4.64 ,4.68 ,"\367,549,583","\11,716,682,330"
15-Jun-20,4.68 ,4.70 ,4.18 ,4.64 ,"\735,629,756","\11,853,093,854"
16-Jun-20,4.64 ,4.69 ,4.50 ,4.61 ,"\293,064,755","\11,526,307,501"
17-Jun-20,4.61 ,4.82 ,4.53 ,4.67 ,"\665,670,267","\11,931,550,021"
18-Jun-20,4.67 ,4.78 ,4.60 ,4.66 ,"\529,041,889","\11,661,655,692"
19-Jun-20,4.66 ,4.83 ,4.53 ,4.78 ,"\846,301,256","\12,227,958,820"
20-Jun-20,4.78 ,4.78 ,4.66 ,4.77 ,"\285,787,223","\12,209,940,289"
21-Jun-20,4.77 ,4.78 ,4.73 ,4.75 ,"\369,167,109","\12,167,461,220"
22-Jun-20,4.73 ,4.90 ,4.70 ,4.90 ,"\520,158,730","\12,538,055,754"
23-Jun-20,4.89 ,4.89 ,4.75 ,4.81 ,"\215,914,117","\12,043,564,717"
24-Jun-20,4.81 ,4.85 ,4.48 ,4.56 ,"\622,048,627","\11,691,328,528"
25-Jun-20,4.56 ,4.57 ,4.28 ,4.50 ,"\327,544,694","\11,264,724,854"
26-Jun-20,4.50 ,4.53 ,4.35 ,4.46 ,"\199,290,021","\11,431,654,087"
27-Jun-20,4.46 ,4.50 ,4.27 ,4.39 ,"\185,062,073","\11,259,930,683"
28-Jun-20,4.39 ,4.40 ,4.16 ,4.40 ,"\227,597,815","\11,001,207,399"
29-Jun-20,4.40 ,4.47 ,4.23 ,4.41 ,"\227,622,950","\11,315,794,084"
30-Jun-20,4.41 ,4.47 ,4.26 ,4.40 ,"\218,121,528","\11,017,503,220"
01-Jul-20,4.41 ,4.82 ,4.41 ,4.67 ,"\1,639,427,756","\11,679,000,488"
02-Jul-20,4.67 ,4.67 ,4.40 ,4.50 ,"\354,344,795","\11,255,064,832"
03-Jul-20,4.50 ,4.56 ,4.42 ,4.55 ,"\241,593,141","\11,694,456,829"
04-Jul-20,4.53 ,4.62 ,4.50 ,4.55 ,"\191,890,289","\11,709,037,357"
05-Jul-20,4.57 ,4.64 ,4.43 ,4.53 ,"\198,416,040","\11,653,332,085"
06-Jul-20,4.53 ,4.74 ,4.47 ,4.64 ,"\354,871,987","\11,928,398,841"
07-Jul-20,4.63 ,4.64 ,4.51 ,4.59 ,"\234,732,918","\11,479,806,731"
08-Jul-20,4.58 ,4.73 ,4.52 ,4.66 ,"\549,632,194","\11,663,819,466"
09-Jul-20,4.66 ,4.73 ,4.48 ,4.60 ,"\355,055,809","\11,506,215,324"
10-Jul-20,4.58 ,4.69 ,4.55 ,4.65 ,"\287,753,839","\11,633,078,242"
11-Jul-20,4.65 ,4.76 ,4.57 ,4.66 ,"\318,464,195","\12,008,162,629"
12-Jul-20,4.66 ,4.92 ,4.65 ,4.81 ,"\946,718,027","\12,398,390,488"
13-Jul-20,4.81 ,4.84 ,4.69 ,4.75 ,"\314,275,446","\11,879,732,330"
14-Jul-20,4.75 ,4.88 ,4.68 ,4.75 ,"\370,830,576","\11,896,124,892"
15-Jul-20,4.75 ,4.96 ,4.73 ,4.92 ,"\350,767,557","\12,305,878,945"
16-Jul-20,4.92 ,4.93 ,4.60 ,4.76 ,"\503,675,832","\12,296,339,683"
17-Jul-20,4.76 ,5.41 ,4.76 ,5.08 ,"\3,666,595,532","\13,122,523,701"
18-Jul-20,5.06 ,5.09 ,4.80 ,4.99 ,"\1,371,907,451","\12,495,416,303"
19-Jul-20,4.97 ,5.00 ,4.82 ,4.91 ,"\753,394,571","\12,285,456,967"
20-Jul-20,4.89 ,5.20 ,4.88 ,5.17 ,"\1,421,852,905","\13,377,182,226"
21-Jul-20,5.16 ,5.54 ,5.12 ,5.28 ,"\2,736,794,193","\13,216,999,650"
22-Jul-20,5.30 ,5.53 ,5.30 ,5.40 ,"\1,681,326,330","\13,965,854,017"
23-Jul-20,5.39 ,5.47 ,5.20 ,5.29 ,"\1,032,761,475","\13,698,818,680"
24-Jul-20,5.33 ,5.37 ,5.17 ,5.26 ,"\557,207,376","\13,157,053,800"
25-Jul-20,5.26 ,5.34 ,5.11 ,5.15 ,"\454,339,461","\12,874,693,285"
26-Jul-20,5.14 ,5.26 ,4.87 ,5.02 ,"\814,724,436","\13,013,308,287"
27-Jul-20,5.02 ,5.11 ,4.64 ,4.73 ,"\959,253,510","\12,249,149,434"
28-Jul-20,4.71 ,4.93 ,4.67 ,4.90 ,"\696,589,678","\12,273,189,045"
29-Jul-20,4.90 ,5.46 ,4.82 ,5.31 ,"\2,387,986,292","\13,296,376,052"
30-Jul-20,5.31 ,5.66 ,5.11 ,5.37 ,"\2,866,967,693","\13,927,652,104"
31-Jul-20,5.37 ,5.39 ,5.18 ,5.27 ,"\814,059,981","\13,179,028,981"
01-Aug-20,5.27 ,5.49 ,5.21 ,5.30 ,"\1,465,409,679","\13,750,778,621"
02-Aug-20,5.30 ,5.31 ,4.87 ,4.99 ,"\1,340,095,674","\12,474,900,793"
03-Aug-20,4.99 ,5.14 ,4.95 ,5.07 ,"\703,548,194","\13,172,681,153"
04-Aug-20,5.07 ,5.13 ,4.89 ,5.04 ,"\602,540,717","\12,608,284,734"
05-Aug-20,5.04 ,5.08 ,4.93 ,5.01 ,"\361,684,611","\12,544,391,179"
06-Aug-20,5.01 ,5.06 ,4.95 ,5.03 ,"\333,638,647","\13,083,011,332"
07-Aug-20,5.03 ,5.14 ,4.98 ,5.02 ,"\404,125,534","\12,555,521,874"
08-Aug-20,5.02 ,5.20 ,5.01 ,5.14 ,"\433,768,737","\13,376,378,751"
09-Aug-20,5.14 ,5.24 ,5.03 ,5.22 ,"\601,904,545","\13,601,536,571"
10-Aug-20,5.23 ,5.44 ,5.14 ,5.43 ,"\1,030,623,252","\14,147,522,431"
11-Aug-20,5.43 ,5.48 ,5.05 ,5.17 ,"\1,247,649,719","\13,471,427,744"
12-Aug-20,5.18 ,5.29 ,5.03 ,5.26 ,"\643,563,550","\13,155,301,270"
13-Aug-20,5.26 ,5.43 ,5.18 ,5.37 ,"\981,219,530","\13,993,025,320"
14-Aug-20,5.37 ,5.44 ,5.32 ,5.39 ,"\832,461,577","\13,479,598,211"
15-Aug-20,5.41 ,5.42 ,5.32 ,5.41 ,"\331,466,915","\14,120,605,449"
16-Aug-20,5.41 ,5.44 ,5.26 ,5.43 ,"\702,796,118","\14,160,402,366"
17-Aug-20,5.43 ,5.47 ,5.35 ,5.41 ,"\970,046,209","\13,540,624,016"
18-Aug-20,5.42 ,6.11 ,5.20 ,5.54 ,"\3,020,444,497","\14,475,596,852"
19-Aug-20,5.54 ,5.67 ,5.25 ,5.37 ,"\1,384,692,300","\13,445,177,596"
20-Aug-20,5.37 ,5.59 ,5.26 ,5.59 ,"\1,038,145,634","\14,615,222,482"
21-Aug-20,5.59 ,5.77 ,5.36 ,5.41 ,"\1,447,523,936","\13,542,355,180"
22-Aug-20,5.43 ,6.12 ,5.29 ,6.05 ,"\5,767,251,638","\15,814,737,951"
23-Aug-20,6.04 ,6.05 ,5.61 ,5.77 ,"\1,548,777,915","\14,441,895,483"
24-Aug-20,5.77 ,6.04 ,5.70 ,5.83 ,"\1,561,312,853","\14,599,786,740"
25-Aug-20,5.83 ,5.88 ,5.54 ,5.75 ,"\956,408,116","\15,043,902,764"
26-Aug-20,5.72 ,5.85 ,5.58 ,5.81 ,"\472,480,687","\15,211,663,278"
27-Aug-20,5.81 ,5.83 ,5.40 ,5.48 ,"\676,161,622","\14,358,358,321"
28-Aug-20,5.46 ,5.84 ,5.44 ,5.75 ,"\464,094,981","\15,074,631,968"
29-Aug-20,5.76 ,5.90 ,5.72 ,5.81 ,"\605,314,610","\15,228,749,267"
30-Aug-20,5.81 ,5.90 ,5.76 ,5.80 ,"\336,373,051","\15,223,391,421"
31-Aug-20,5.81 ,5.83 ,5.57 ,5.61 ,"\406,706,248","\14,724,394,123"
01-Sep-20,5.61 ,5.71 ,5.56 ,5.59 ,"\345,631,989","\14,672,224,083"
02-Sep-20,5.59 ,6.07 ,5.28 ,5.55 ,"\4,057,585,874","\14,558,446,729"
03-Sep-20,5.55 ,5.58 ,4.76 ,4.86 ,"\736,574,026","\12,763,610,395"
04-Sep-20,4.82 ,5.13 ,4.74 ,5.05 ,"\501,281,306","\13,268,042,080"
05-Sep-20,5.00 ,5.17 ,4.63 ,4.77 ,"\330,997,996","\12,537,547,097"
06-Sep-20,4.77 ,4.95 ,4.58 ,4.90 ,"\230,170,405","\12,884,029,275"
07-Sep-20,4.90 ,4.92 ,4.61 ,4.82 ,"\164,178,747","\12,683,372,551"
08-Sep-20,4.82 ,4.91 ,4.66 ,4.79 ,"\174,963,527","\12,609,076,480"
09-Sep-20,4.79 ,4.94 ,4.73 ,4.86 ,"\212,232,937","\12,796,923,389"
10-Sep-20,4.86 ,5.15 ,4.85 ,5.15 ,"\274,488,707","\13,561,462,135"
11-Sep-20,5.15 ,5.43 ,5.04 ,5.18 ,"\1,154,184,578","\13,625,640,700"
12-Sep-20,5.18 ,5.56 ,5.11 ,5.36 ,"\878,797,627","\14,131,055,230"
13-Sep-20,5.36 ,5.42 ,5.09 ,5.19 ,"\231,279,896","\13,652,417,616"
14-Sep-20,5.19 ,5.30 ,5.11 ,5.27 ,"\139,261,741","\13,863,292,459"
15-Sep-20,5.27 ,5.27 ,5.12 ,5.19 ,"\129,554,441","\13,647,263,982"
16-Sep-20,5.19 ,5.35 ,5.00 ,5.13 ,"\341,528,311","\13,539,015,624"
17-Sep-20,5.13 ,5.22 ,5.00 ,5.11 ,"\121,954,724","\13,479,663,080"
18-Sep-20,5.11 ,5.61 ,4.99 ,5.19 ,"\2,879,024,456","\13,694,856,082"
19-Sep-20,5.21 ,5.30 ,5.07 ,5.12 ,"\202,141,180","\13,472,005,622"
20-Sep-20,5.12 ,5.16 ,5.00 ,5.04 ,"\160,085,797","\13,269,525,846"
21-Sep-20,5.04 ,5.13 ,4.74 ,4.88 ,"\310,699,430","\12,831,479,013"
22-Sep-20,4.88 ,5.05 ,4.75 ,4.91 ,"\333,698,025","\12,983,058,820"
23-Sep-20,4.91 ,5.03 ,4.75 ,4.75 ,"\185,204,490","\12,553,495,666"
24-Sep-20,4.75 ,4.96 ,4.71 ,4.95 ,"\176,728,275","\13,077,645,837"
25-Sep-20,4.95 ,5.75 ,4.93 ,5.13 ,"\6,286,453,186","\13,491,523,277"
26-Sep-20,5.13 ,5.16 ,4.98 ,5.13 ,"\452,379,785","\13,567,424,833"
27-Sep-20,5.11 ,5.14 ,4.98 ,5.07 ,"\170,927,655","\13,338,944,535"
28-Sep-20,5.07 ,5.15 ,5.02 ,5.10 ,"\209,381,549","\13,416,837,379"
29-Sep-20,5.11 ,5.23 ,5.06 ,5.17 ,"\209,574,217","\13,697,075,127"
30-Sep-20,5.16 ,5.25 ,5.07 ,5.18 ,"\289,177,958","\13,724,720,013"
01-Oct-20,5.18 ,5.28 ,5.07 ,5.16 ,"\252,248,604","\13,571,709,386"
02-Oct-20,5.17 ,5.18 ,4.86 ,4.99 ,"\356,824,563","\13,230,020,839"
03-Oct-20,4.99 ,5.06 ,4.94 ,5.03 ,"\72,218,917","\13,226,692,197"
04-Oct-20,5.03 ,5.03 ,4.94 ,5.02 ,"\91,003,320","\13,333,628,327"
05-Oct-20,5.03 ,5.27 ,5.03 ,5.27 ,"\396,169,885","\13,996,138,133"
06-Oct-20,5.27 ,5.39 ,5.13 ,5.19 ,"\348,104,486","\13,777,678,979"
07-Oct-20,5.19 ,5.76 ,5.15 ,5.65 ,"\1,163,990,109","\14,999,761,244"
08-Oct-20,5.61 ,6.01 ,5.36 ,5.79 ,"\2,873,203,336","\15,383,110,836"
09-Oct-20,5.77 ,6.16 ,5.59 ,6.03 ,"\2,124,898,351","\15,996,271,654"
10-Oct-20,6.03 ,6.25 ,5.74 ,5.80 ,"\2,378,331,507","\15,393,640,369"
11-Oct-20,5.80 ,5.85 ,5.54 ,5.69 ,"\373,480,340","\15,135,893,860"
12-Oct-20,5.69 ,6.02 ,5.57 ,6.00 ,"\747,946,160","\15,969,900,435"
13-Oct-20,5.95 ,6.00 ,5.69 ,5.80 ,"\420,079,817","\15,400,467,235"
14-Oct-20,5.80 ,5.85 ,5.69 ,5.74 ,"\213,633,067","\15,291,062,332"
15-Oct-20,5.74 ,5.83 ,5.56 ,5.62 ,"\294,423,345","\14,928,098,110"
16-Oct-20,5.67 ,5.83 ,5.49 ,5.59 ,"\583,559,351","\14,895,482,214"
17-Oct-20,5.59 ,5.86 ,5.54 ,5.84 ,"\177,804,802","\15,572,864,680"
18-Oct-20,5.83 ,5.94 ,5.74 ,5.82 ,"\196,587,100","\15,457,949,859"
19-Oct-20,5.82 ,5.89 ,5.70 ,5.76 ,"\134,828,334","\15,354,993,424"
20-Oct-20,5.76 ,5.80 ,5.65 ,5.75 ,"\135,263,254","\15,346,471,712"
21-Oct-20,5.76 ,6.23 ,5.74 ,6.07 ,"\2,030,791,319","\16,208,527,087"
22-Oct-20,6.08 ,6.18 ,5.98 ,6.04 ,"\453,015,494","\16,124,282,412"
23-Oct-20,6.03 ,6.12 ,5.78 ,5.95 ,"\3,293,392","\15,886,475,721"
24-Oct-20,5.95 ,6.30 ,5.95 ,6.17 ,"\1,220,691,334","\16,478,556,879"
25-Oct-20,6.17 ,6.24 ,6.01 ,6.12 ,"\283,628,073","\16,352,484,784"
26-Oct-20,6.12 ,6.18 ,5.93 ,6.00 ,"\319,514,060","\16,057,517,387"
27-Oct-20,6.00 ,6.25 ,5.93 ,6.22 ,"\924,290,755","\16,651,315,170"
28-Oct-20,6.23 ,6.98 ,6.01 ,6.11 ,"\30,319,365","\16,345,375,558"
29-Oct-20,6.11 ,6.86 ,5.70 ,5.81 ,"\8,719,478,835","\15,540,887,165"
30-Oct-20,5.81 ,5.82 ,5.09 ,5.30 ,"\1,726,480,406","\14,184,852,836"
31-Oct-20,5.30 ,5.44 ,5.19 ,5.32 ,"\286,682,567","\14,245,618,451"
01-Nov-20,5.32 ,5.39 ,5.26 ,5.27 ,"\127,648,382","\14,115,811,124"
02-Nov-20,5.27 ,5.31 ,5.04 ,5.29 ,"\746,266","\14,173,054,377"
03-Nov-20,5.28 ,5.29 ,4.99 ,5.14 ,"\105,975,003","\13,784,705,596"
04-Nov-20,5.14 ,5.20 ,5.04 ,5.15 ,"\327,987,981","\13,802,567,686"
05-Nov-20,5.15 ,5.42 ,5.07 ,5.34 ,"\652,663,786","\14,304,485,016"
06-Nov-20,5.34 ,5.51 ,5.16 ,5.27 ,"\18,380,430","\14,143,869,327"
07-Nov-20,5.27 ,5.52 ,5.06 ,5.34 ,"\330,142,109","\14,328,182,782"
08-Nov-20,5.34 ,5.52 ,5.14 ,5.51 ,"\236,989,973","\14,790,710,727"
09-Nov-20,5.51 ,5.53 ,5.26 ,5.40 ,"\1,698,620","\14,500,437,320"
10-Nov-20,5.40 ,5.63 ,5.18 ,5.60 ,"\270,974,810","\15,002,063,645"
11-Nov-20,5.60 ,5.81 ,5.22 ,5.47 ,"\3,245,239","\14,648,671,056"
12-Nov-20,5.47 ,5.65 ,5.35 ,5.45 ,"\196,293,902","\14,600,738,814"
13-Nov-20,5.45 ,5.62 ,5.41 ,5.53 ,"\25,806,043","\14,876,370,004"
14-Nov-20,5.53 ,5.61 ,5.34 ,5.45 ,"\4,474,087","\14,602,907,578"
15-Nov-20,5.45 ,5.65 ,5.30 ,5.56 ,"\20,869,531","\14,976,871,673"
16-Nov-20,5.56 ,5.66 ,5.52 ,5.58 ,"\114,375,153","\14,957,304,315"
17-Nov-20,5.59 ,5.63 ,5.52 ,5.61 ,"\192,922,395","\15,035,768,014"
18-Nov-20,5.61 ,5.65 ,5.21 ,5.33 ,"\1,736,271","\14,362,885,797"
19-Nov-20,5.33 ,5.56 ,5.26 ,5.35 ,"\5,585,424","\14,345,498,488"
20-Nov-20,5.35 ,5.59 ,5.20 ,5.57 ,"\236,009,836","\15,021,972,098"
21-Nov-20,5.57 ,5.65 ,5.42 ,5.61 ,"\30,098,831","\15,139,431,960"
22-Nov-20,5.61 ,5.84 ,5.43 ,5.50 ,"\37,729,483","\14,828,567,736"
23-Nov-20,5.50 ,5.78 ,5.33 ,5.74 ,"\533,469,513","\15,385,640,069"
24-Nov-20,5.74 ,5.97 ,5.43 ,5.70 ,"\84,256,009","\15,264,155,137"
25-Nov-20,5.70 ,6.23 ,5.62 ,5.81 ,"\8,321,687","\15,566,578,008"
26-Nov-20,5.81 ,6.02 ,5.19 ,5.41 ,"\52,820,573","\14,508,378,952"
27-Nov-20,5.42 ,5.58 ,5.23 ,5.46 ,"\65,063,909","\14,767,398,692"
28-Nov-20,5.46 ,5.70 ,5.35 ,5.68 ,"\151,799,703","\15,348,225,756"
29-Nov-20,5.68 ,5.74 ,5.47 ,5.70 ,"\284,453,224","\15,427,699,229"
30-Nov-20,5.70 ,6.18 ,5.66 ,5.86 ,"\2,307,307,946","\15,867,581,641"
01-Dec-20,5.86 ,7.20 ,5.80 ,6.35 ,"\10,859,782,239","\17,190,674,401"
02-Dec-20,6.31 ,8.18 ,5.85 ,6.30 ,"\18,747,827,166","\17,068,295,810"
03-Dec-20,6.30 ,6.30 ,5.90 ,6.04 ,"\3,536,773,495","\16,362,229,639"
04-Dec-20,6.05 ,6.09 ,5.64 ,5.70 ,"\1,710,140,548","\15,446,325,550"
05-Dec-20,5.70 ,6.01 ,5.70 ,5.97 ,"\1,839,361,442","\16,175,513,960"
06-Dec-20,5.97 ,5.97 ,5.72 ,5.85 ,"\897,460,822","\15,859,669,299"
07-Dec-20,5.87 ,6.18 ,5.86 ,6.03 ,"\2,576,780,463","\16,336,333,565"
08-Dec-20,6.01 ,6.43 ,5.66 ,5.66 ,"\8,833,245,480","\15,331,495,276"
09-Dec-20,5.66 ,5.81 ,5.38 ,5.81 ,"\2,553,663,733","\15,760,111,814"
10-Dec-20,5.68 ,5.82 ,5.50 ,5.62 ,"\538,544,088","\15,255,794,786"
11-Dec-20,5.62 ,5.62 ,5.31 ,5.36 ,"\806,175,081","\14,558,526,466"
12-Dec-20,5.39 ,5.57 ,5.31 ,5.53 ,"\708,391,716","\15,012,366,423"
13-Dec-20,5.56 ,5.64 ,5.44 ,5.57 ,"\939,459,497","\15,127,386,041"
14-Dec-20,5.56 ,5.82 ,5.48 ,5.72 ,"\2,362,778,418","\15,535,161,347"
15-Dec-20,5.73 ,5.79 ,5.53 ,5.56 ,"\30,147,824","\15,109,384,334"
16-Dec-20,5.56 ,5.69 ,5.34 ,5.36 ,"\54,215,634","\14,582,837,474"
17-Dec-20,5.37 ,5.74 ,5.30 ,5.40 ,"\59,492,131","\14,684,001,362"
18-Dec-20,5.40 ,5.67 ,5.35 ,5.67 ,"\1,542,522,306","\15,423,937,613"
19-Dec-20,5.67 ,5.90 ,5.10 ,5.90 ,"\2,078,512,169","\16,055,817,855"
20-Dec-20,5.92 ,5.92 ,4.89 ,4.89 ,"\35,372,839","\13,312,229,003"
21-Dec-20,4.87 ,5.79 ,4.59 ,5.38 ,"\35,807,070","\14,664,188,464"
22-Dec-20,5.39 ,5.54 ,4.90 ,5.45 ,"\871,902,569","\14,847,326,574"
23-Dec-20,5.45 ,5.45 ,4.35 ,4.54 ,"\47,290,342","\12,365,615,139"
24-Dec-20,4.58 ,5.28 ,4.25 ,5.26 ,"\1,001,842,310","\14,339,702,210"
25-Dec-20,5.26 ,5.31 ,4.46 ,5.12 ,"\386,992,881","\13,965,884,475"
26-Dec-20,5.12 ,5.21 ,4.20 ,5.15 ,"\459,815,692","\14,066,944,647"
27-Dec-20,5.15 ,5.44 ,4.30 ,5.21 ,"\1,484,024,772","\14,219,747,628"
28-Dec-20,5.21 ,5.30 ,5.14 ,5.24 ,"\612,965,779","\14,301,487,677"
29-Dec-20,5.25 ,5.25 ,3.77 ,4.51 ,"\47,599,140","\12,313,278,021"
30-Dec-20,4.51 ,5.09 ,3.57 ,4.88 ,"\442,997,658","\13,327,085,580"
31-Dec-20,4.87 ,5.17 ,4.71 ,4.84 ,"\444,911,106","\13,226,402,901"
01-Jan-21,4.85 ,5.54 ,3.99 ,5.49 ,"\21,671,717","\15,015,536,119"
02-Jan-21,5.49 ,5.53 ,5.21 ,5.37 ,"\780,536,206","\14,694,692,930"
03-Jan-21,5.37 ,5.47 ,2.91 ,3.22 ,"\41,268,650","\8,803,734,164"
04-Jan-21,3.24 ,5.77 ,2.48 ,5.28 ,"\202,328,278","\14,447,571,511"
05-Jan-21,5.28 ,6.47 ,4.97 ,5.69 ,"\22,248,613,790","\15,573,059,928"
06-Jan-21,5.67 ,5.67 ,4.80 ,5.52 ,"\5,852,221,658","\15,122,590,866"
07-Jan-21,5.52 ,5.52 ,3.82 ,4.78 ,"\51,304,224","\13,098,711,574"
08-Jan-21,4.79 ,5.51 ,3.67 ,4.35 ,"\100,400,985","\11,920,640,617"
09-Jan-21,4.36 ,5.75 ,4.31 ,4.60 ,"\91,861,312","\12,594,111,929"
10-Jan-21,4.60 ,5.94 ,4.01 ,4.11 ,"\97,178,584","\11,247,339,281"
11-Jan-21,4.09 ,5.51 ,3.76 ,5.11 ,"\3,228,898,050","\13,989,936,456"
12-Jan-21,5.12 ,5.24 ,4.00 ,5.14 ,"\1,042,687,522","\14,081,328,276"
13-Jan-21,5.15 ,5.22 ,3.79 ,5.21 ,"\1,259,152,790","\14,271,846,836"
14-Jan-21,5.21 ,5.53 ,4.59 ,5.33 ,"\2,731,957,929","\14,584,755,234"
15-Jan-21,5.33 ,5.51 ,3.97 ,5.28 ,"\2,126,753,384","\14,446,605,928"
16-Jan-21,5.28 ,5.45 ,4.12 ,4.26 ,"\30,080,170","\11,671,140,061"
17-Jan-21,4.26 ,5.46 ,4.19 ,4.75 ,"\50,452,418","\13,012,973,592"
18-Jan-21,4.76 ,5.62 ,4.49 ,5.54 ,"\3,979,339,437","\15,167,009,476"
19-Jan-21,5.55 ,5.55 ,5.00 ,5.32 ,"\65,168,653","\14,577,503,695"
20-Jan-21,5.31 ,5.48 ,5.04 ,5.48 ,"\1,682,083,721","\15,015,060,414"
21-Jan-21,5.47 ,5.50 ,4.49 ,4.52 ,"\142,999,574","\12,379,995,121"
22-Jan-21,4.52 ,5.30 ,4.37 ,5.14 ,"\44,502,026","\14,086,652,649"
23-Jan-21,5.09 ,5.29 ,4.99 ,5.04 ,"\53,051,795","\13,793,809,925"
24-Jan-21,5.04 ,5.34 ,4.99 ,5.25 ,"\1,034,834,807","\14,372,334,201"
25-Jan-21,5.27 ,5.35 ,4.90 ,5.16 ,"\104,603,785","\14,141,512,391"
26-Jan-21,5.16 ,5.31 ,4.72 ,5.31 ,"\1,067,658,424","\14,539,696,778"
27-Jan-21,5.28 ,5.31 ,4.75 ,5.04 ,"\811,192,398","\13,796,518,216"
28-Jan-21,5.05 ,5.28 ,4.71 ,5.25 ,"\1,327,808,473","\14,374,908,689"
29-Jan-21,5.20 ,6.14 ,5.01 ,5.52 ,"\19,361,614,256","\15,121,160,988"
30-Jan-21,5.52 ,5.52 ,5.07 ,5.07 ,"\36,448,016","\13,874,889,303"
31-Jan-21,5.09 ,5.30 ,5.02 ,5.17 ,"\46,469,887","\14,159,444,884"
01-Feb-21,5.23 ,5.28 ,4.78 ,5.18 ,"\1,791,724,020","\14,187,721,301"
02-Feb-21,5.19 ,5.40 ,4.93 ,5.28 ,"\59,095,009","\14,462,513,122"
03-Feb-21,5.28 ,6.18 ,5.20 ,5.71 ,"\11,570,396,351","\15,636,019,694"
04-Feb-21,5.71 ,5.96 ,5.29 ,5.48 ,"\86,318,545","\15,003,533,920"
05-Feb-21,5.48 ,5.86 ,5.45 ,5.86 ,"\2,942,182,312","\16,054,016,871"
06-Feb-21,5.88 ,5.89 ,5.54 ,5.78 ,"\31,543,891","\15,837,097,800"
07-Feb-21,5.81 ,5.81 ,5.54 ,5.69 ,"\1,731,076,879","\15,584,823,871"
08-Feb-21,5.70 ,5.97 ,5.45 ,5.94 ,"\2,454,587,589","\16,257,403,150"
09-Feb-21,5.94 ,6.44 ,5.74 ,6.37 ,"\6,669,614,831","\17,455,434,553"
10-Feb-21,6.36 ,6.52 ,5.85 ,6.41 ,"\5,089,918,601","\17,542,307,676"
11-Feb-21,6.41 ,7.05 ,6.24 ,6.91 ,"\6,221,056,710","\18,916,030,430"
12-Feb-21,6.90 ,7.44 ,6.43 ,7.36 ,"\11,468,676,079","\20,139,646,673"
13-Feb-21,7.34 ,7.59 ,6.76 ,7.54 ,"\8,163,966,842","\20,649,698,788"
14-Feb-21,7.53 ,8.17 ,7.09 ,7.81 ,"\15,097,352,498","\21,397,554,150"
15-Feb-21,7.79 ,8.00 ,6.44 ,7.26 ,"\5,066,186,314","\19,873,642,918"
16-Feb-21,7.27 ,8.15 ,7.18 ,7.73 ,"\10,561,931,246","\21,173,851,512"
17-Feb-21,7.77 ,11.00 ,7.37 ,10.04 ,"\70,968,255,735","\27,479,225,896"
18-Feb-21,10.09 ,31.43 ,9.54 ,17.16 ,"\303,577,416,902","\46,978,828,070"
19-Feb-21,16.76 ,16.76 ,13.83 ,16.49 ,"\30,559,534,716","\45,162,461,676"
20-Feb-21,15.90 ,17.64 ,14.99 ,15.73 ,"\31,107,352,222","\43,077,155,182"
21-Feb-21,15.63 ,17.08 ,15.05 ,15.38 ,"\87,442,568","\42,107,038,302"
22-Feb-21,16.49 ,16.57 ,11.71 ,14.57 ,"\1,492,118,844","\39,899,870,294"
23-Feb-21,14.57 ,16.65 ,10.49 ,13.73 ,"\171,110,288","\37,603,139,869"
24-Feb-21,13.73 ,14.54 ,12.44 ,14.14 ,"\703,952,448","\38,722,167,588"
25-Feb-21,14.14 ,16.61 ,13.56 ,15.35 ,"\56,479,266,192","\42,017,740,965"
26-Feb-21,15.34 ,16.01 ,14.13 ,15.35 ,"\834,009,671","\42,026,031,147"
27-Feb-21,15.36 ,18.15 ,14.57 ,17.06 ,"\1,136,577,516","\46,706,210,621"
28-Feb-21,17.06 ,17.67 ,13.99 ,15.36 ,"\17,115,684,275","\42,051,394,583"
01-Mar-21,15.26 ,16.69 ,14.67 ,16.69 ,"\12,705,360,590","\45,705,956,003"
02-Mar-21,16.37 ,16.50 ,14.85 ,15.63 ,"\459,682,662","\42,802,656,315"
03-Mar-21,15.63 ,22.68 ,15.23 ,20.04 ,"\2,344,481,127","\54,883,183,741"
04-Mar-21,21.88 ,26.68 ,19.85 ,20.91 ,"\333,810,648","\57,256,581,387"
05-Mar-21,21.51 ,22.03 ,19.99 ,21.59 ,"\779,706,849","\59,113,535,251"
06-Mar-21,21.57 ,22.03 ,19.43 ,20.85 ,"\218,071,236","\57,085,660,237"
07-Mar-21,20.84 ,21.92 ,20.08 ,21.82 ,"\599,892,245","\59,751,534,895"
08-Mar-21,21.82 ,23.06 ,20.43 ,22.87 ,"\23,786,897,299","\62,608,229,619"
09-Mar-21,22.48 ,39.29 ,22.45 ,38.99 ,"\328,759,243,381","\106,769,291,210"
10-Mar-21,38.99 ,46.36 ,32.39 ,36.64 ,"\528,621,442","\100,311,654,097"
11-Mar-21,37.45 ,38.96 ,33.66 ,38.45 ,"\1,809,571,381","\105,282,177,697"
12-Mar-21,38.79 ,43.75 ,35.80 ,40.57 ,"\230,960,377","\111,091,705,363"
13-Mar-21,40.59 ,56.57 ,39.23 ,49.31 ,"\277,206,739,969","\135,004,313,263"
14-Mar-21,49.22 ,55.62 ,45.40 ,50.45 ,"\3,713,658,282","\138,149,739,027"
15-Mar-21,49.70 ,52.55 ,42.94 ,48.36 ,"\439,699,386","\132,412,590,755"
16-Mar-21,48.17 ,55.74 ,45.19 ,54.80 ,"\4,098,298,545","\150,047,792,167"
17-Mar-21,54.77 ,63.35 ,43.33 ,57.07 ,"\198,681,260,743","\156,268,899,379"
18-Mar-21,57.46 ,112.52 ,51.82 ,97.01 ,"\1,991,950,678,497","\265,636,218,166"
19-Mar-21,98.11 ,119.72 ,90.03 ,104.02 ,"\754,318,703,586","\284,826,360,174"
20-Mar-21,103.04 ,128.93 ,93.48 ,99.93 ,"\487,714,520,248","\273,613,452,720"
21-Mar-21,100.03 ,110.99 ,98.86 ,110.01 ,"\240,830,955,930","\301,217,351,837"
22-Mar-21,109.02 ,117.13 ,98.45 ,102.34 ,"\237,481,443,951","\280,209,185,261"
23-Mar-21,101.35 ,114.11 ,91.26 ,99.69 ,"\297,407,656,272","\272,971,808,875"
24-Mar-21,100.68 ,102.73 ,92.32 ,93.82 ,"\117,592,693,535","\256,889,198,999"
25-Mar-21,94.11 ,101.58 ,92.20 ,97.71 ,"\175,082,510,596","\267,553,109,045"
26-Mar-21,97.91 ,99.91 ,94.34 ,99.43 ,"\69,592,550,084","\272,263,236,691"
27-Mar-21,99.63 ,103.97 ,96.55 ,101.03 ,"\93,810,237,477","\276,631,277,833"
28-Mar-21,100.04 ,100.04 ,96.95 ,99.74 ,"\62,643,702,981","\273,094,184,983"
29-Mar-21,99.84 ,108.40 ,97.48 ,102.74 ,"\131,650,811,945","\281,303,945,288"
30-Mar-21,102.73 ,119.43 ,102.72 ,111.63 ,"\229,362,666,554","\305,655,135,725"
31-Mar-21,112.61 ,140.07 ,109.94 ,130.17 ,"\503,803,529,611","\356,424,611,490"
01-Apr-21,130.17 ,277.06 ,127.18 ,273.11 ,"\2,256,586,556,340","\747,797,814,365"
02-Apr-21,267.53 ,398.55 ,267.53 ,298.93 ,"\1,629,150,393,198","\818,506,251,680"
03-Apr-21,299.90 ,327.75 ,272.89 ,286.96 ,"\586,518,672,303","\785,724,654,933"
